"Time","Temp ODA","Temp ODA Mean"
1666612800000,16.59637907586538,16.693829463366676
1666634400000,14.550904041259026,16.287367070914588
1666656000000,13.542671627506243,14.977318418238086
1666677600000,14.133960286635215,13.850831134002881
1666699200000,14.824524993012508,14.172072571456518
1666720800000,12.191179580484482,14.047757366676807
1666742400000,15.849220086779116,13.641095810491027
1666764000000,18.260346909291712,14.948562100084699
1666785600000,19.13919581199179,17.831782576641604
1666807200000,16.495763488029677,18.640211364017365
1666828800000,15.92521971251128,17.116897368761503
1666850400000,20.515364309382992,16.72880864074064
1666872000000,21.600738549657148,19.365750091979827
1666893600000,20.45497965396837,21.175685592168985
1666915200000,19.69967385198107,20.619380726982403
1666936800000,21.98674784981927,20.179022935240766
1666958400000,21.712173855845595,21.37014819611305
1666980000000,18.436278900578806,21.452915692563234
1667001600000,16.729870957227053,19.075609025006372
1667023200000,19.746990930614672,17.496160945816232
1667044800000,22.95788742489747,19.40467707038749
1667066400000,20.597784289697106,21.859149343266818
1667088000000,16.643121632315896,20.662909816854345
1667109600000,18.625716757583895,17.776895967172443
1667131200000,20.196774379533533,18.326139342724282
1667152800000,15.591894537275394,19.31852915049811
1667174400000,13.04140248987756,16.487746453562448
1667196000000,14.672276029413396,13.795505364504727
1667217600000,18.27887669841506,14.860710474853073
1667239200000,17.487505454296812,17.226565256444285
1667260800000,16.178059546395417,17.437790014058276
1667282400000,14.94241737149404,16.19955045324982
1667304000000,14.461935733448376,15.345353313860958
1667325600000,12.575891593514486,14.383260926881501
1667347200000,12.124631566251729,13.051453641755439
1667368800000,13.215670368856681,12.307026632471022
1667390400000,13.343428862649342,12.980076734063237
1667412000000,11.409524914828214,13.050226780978116
1667433600000,12.058864165269078,12.016148371414555
1667455200000,13.1189226231397,12.015382555871392
1667476800000,13.369389902736815,12.95817724448596
1667498400000,10.81342856043136,12.961324612184256
1667520000000,8.606451366619654,11.142186636502581
1667541600000,9.908931646392015,9.350565072544944
1667563200000,10.20145704297052,9.559329825898875
1667584800000,8.113153317670172,9.917759741338832
1667606400000,6.467709897779526,8.449422946116554
1667628000000,9.172579292982762,7.222688413826382
1667649600000,10.25724704616566,8.588775112803559
1667671200000,8.601955046061597,9.809347952979149
1667692800000,8.64260009134456,9.01920370647281
1667714400000,10.449934782305618,8.856974668160357
1667736000000,9.753400421766347,9.866521550472392
1667757600000,9.865350565474335,10.061373562875092
1667779200000,10.964553694197141,9.925141400996656
1667800800000,12.752448629848177,11.53919529765018
1667822400000,13.907424793106681,14.556064728084003
1667844000000,13.01075535940117,13.995848075574417
1667865600000,11.491223286814682,13.005594365837409
1667887200000,14.054983650866172,12.259049854004125
1667908800000,15.93335579159999,13.602082998645011
1667930400000,14.884534965225585,15.343634833155932
1667952000000,13.18513719354357,14.938168794087002
1667973600000,13.541906552314758,13.643059206349509
1667995200000,12.757059596540426,13.312032830984652
1668016800000,10.787616075690387,12.744667375794005
1668038400000,9.37430726485938,11.122211085976389
1668060000000,12.369341200126662,10.092835657419823
1668081600000,12.889467329652389,11.662041736957034
1668103200000,10.466834072467408,12.53955779813895
1668124800000,10.03363466365658,11.01030140211049
1668146400000,12.2695263735682,10.363461320863353
1668168000000,13.995581604315868,12.128259820951794
1668189600000,9.259050785318097,12.743819092248886
1668211200000,6.850042015367646,10.154715764878082
1668232800000,13.192534108293668,8.21871167485524
1668254400000,15.554630151036571,11.944834487797158
1668276000000,9.840260649448856,14.353727111211771
1668297600000,6.758016563556458,10.837948655466437
1668319200000,11.575117165329813,8.120348213989445
1668340800000,14.045274198570581,10.653855244089616
1668362400000,8.52592140429738,12.657494079642007
1668384000000,26.915875271819104,10.847503601134509
1668405600000,27.4648924912964,23.847471723450212
1668427200000,7.832476169096132,26.023564686317073
1668448800000,10.008344254074233,11.889829502756335
1668470400000,11.739795844159964,9.634298555550282
1668492000000,11.457941448937754,11.185144434408395
1668513600000,12.800472253427719,12.11382956903668
1668535200000,12.177412010839888,12.66443593089235
1668556800000,10.961051903175381,12.17397182855505
1668578400000,9.228274680550461,11.34735557432448
1668600000000,10.909212944119476,10.90531146818024
1668621600000,10.348826206905741,10.864602818499678
1668643200000,10.79702290647378,10.53458405424702
1668664800000,10.953665191356626,10.694167812944826
1668686400000,11.227642231436532,11.101854474833454
1668708000000,9.621807743280655,10.95817526792449
1668729600000,8.798943636977675,10.000350905095914
1668751200000,9.245054164650671,9.53661988620625
1668772800000,9.711700942167843,10.145226321931169
1668794400000,7.745776693112421,8.67770487557092
1668816000000,6.9681427816923724,8.08712870978067
1668837600000,4.0688318301058315,6.651372081682037
1668859200000,3.7271772108471057,4.8386209931652875
1668880800000,3.380227784962216,3.764708008011096
1668902400000,3.2938646845810666,3.4554444718809445
1668924000000,4.47769959540512,3.3596990483714597
1668945600000,7.0658591457941835,4.673482890761541
1668967200000,6.599187109893535,6.3574953268444725
1668988800000,5.950161177340296,6.566825905501519
1669010400000,7.1378111997723535,6.211056441854337
1669032000000,7.722391154054103,6.897609810163728
1669053600000,7.232432564530611,7.597819133677175
1669075200000,6.239622694318475,7.212606051718125
1669096800000,7.0431330693958465,6.573535547280631
1669118400000,7.392542262099848,7.580784013216772
1669140000000,8.10054112361825,7.730015005927155
1669161600000,8.083050253249802,7.859318590543722
1669183200000,9.154705053856471,8.297125189357295
1669204800000,8.361520971694684,10.135770427646921
1669226400000,8.014124992792157,8.89081405867701
1669248000000,8.222630841366755,8.051732715943809
1669269600000,8.946195201090704,8.214404354696748
1669291200000,9.843055449696656,11.532164321874234
1669312800000,8.462048123552226,10.101627226596595
1669334400000,9.270477786229778,8.995116918908478
1669356000000,9.434591380401178,9.300653588530505
1669377600000,10.007486787794655,10.039841536888499
1669399200000,7.85335298800955,9.729945479282717
1669420800000,6.170154577532174,8.195504677534833
1669442400000,8.086225744970378,6.865955906119246
1669464000000,9.094659809350292,7.8439745862490735
1669485600000,6.771077904997572,8.522152302628857
1669507200000,7.164106056980641,7.430437667511678
1669528800000,8.576635505254815,7.164794328867883
1669550400000,8.448571324010747,8.261153680406954
1669572000000,8.33529079970667,8.50036344689838
1669593600000,8.08882872443699,8.285988923848182
1669615200000,7.654295468803168,8.13693676994475
1669636800000,7.840500223345873,8.01376409414338
1669658400000,7.353428369861538,7.835971589815819
1669680000000,,7.835971589815819
1669701600000,8.029001256693965,7.444409857625547
1669723200000,7.6220598227715906,7.500417246983919
1669744800000,6.14044764413999,7.347616319711498
1669766400000,6.146439252383467,6.565139668920766
1669788000000,6.12137418529516,6.087132966535604
1669809600000,6.225567264363945,6.201096064093485
1669831200000,5.7670555885392005,6.129910809653146
1669852800000,5.102679998199375,5.75632799085165
1669874400000,5.178259945329214,5.2952527166101975
1669896000000,5.430091833827471,5.190446863958846
1669917600000,4.7399400279701105,5.279092979568967
1669939200000,3.2011359632445275,4.703466730544405
1669960800000,2.681926100512585,3.7758295495826077
1669982400000,2.6377983462292214,2.8300215148925782
1670004000000,1.6834127978782434,2.5622885244430145
1670025600000,1.2998411006913728,1.903727210961379
1670047200000,1.649164523347954,1.4246055123778436
1670068800000,2.078793877991075,1.6331738642971925
1670090400000,1.9015955175623038,1.9430295370217692
1670112000000,1.5926642331773835,1.9036422304679892
1670133600000,0.6651677016658012,1.5222236815985146
1670155200000,0.9142677524703087,0.9855808663919482
1670176800000,1.2647923311113796,0.8628042461552146
1670198400000,0.8853985560853357,1.1488168334340774
1670220000000,1.0222857435573043,1.0088082495969155
1670241600000,1.1831240819130109,0.9914332353879535
1670263200000,1.1765868978176504,1.143715721334336
1670284800000,1.806101203308821,1.2486650266000547
1670306400000,2.9441861431033627,1.7929101648358252
1670328000000,4.167603785482997,2.872808176824074
1670349600000,4.078265397579639,3.7863221140995
1670371200000,4.261479106252593,4.122506584735275
1670392800000,4.242062445320835,4.165173844795007
1670414400000,4.834792468858802,4.393727541660917
1670436000000,3.90890480052529,4.516240241899656
1670457600000,3.5575822111848114,4.103463299174673
1670479200000,3.5873803120817063,3.609700315260474
1670500800000,3.3119642292243845,3.613838883027629
1670522400000,2.0923031401427497,3.263613733550343
1670544000000,0.9318878639467879,2.1741564799250894
1670565600000,1.4901290127381275,1.2681531582731878
1670587200000,1.9373422447980413,1.4627438293504644
1670608800000,-0.18051881703811917,1.6143153807675907
1670630400000,45.35299826924075,7.04770142476452
1670652000000,60.8100778987642,33.61610566122683
1670673600000,60.68108322165605,57.76801883278554
1670695200000,61.70498401262027,60.84248260123733
1670716800000,60.98377697454023,61.38729370536143
1670738400000,61.44844940868119,61.35790089198521
1670760000000,60.796050672586254,61.051496797903425
1670781600000,60.45742551991016,60.78407477230006
1670803200000,60.458574209722435,60.59488930089821
1670824800000,34.833578501650365,58.66490151840827
1670846400000,1.6315736080899383,36.87862085331382
1670868000000,41.04401638101878,14.786111744967373
1670889600000,60.687551768528934,32.07259734655391
1670911200000,20.017091587514003,17.963990930228206
1670932800000,3.190099639589424,-0.7107914494807849
1670954400000,58.35659022145457,11.732401907013953
1670976000000,59.07893658235583,40.47229856424938
1670997600000,40.888798808141004,49.344245577844724
1671019200000,-0.2799553479418914,0.3945436128239701
1671040800000,-4.0516104533280695,-0.7119539759366073
1671062400000,25.796085821963867,-0.9247344850296804
1671084000000,15.024147184150495,37.96752322438252
1671105600000,0.5253711764322277,24.461843852007423
1671127200000,-3.6699815221827663,2.0726574855313884
1671148800000,-5.140845376407722,-2.824437866465159
1671170400000,-2.960837730284383,-4.5547936663503945
1671192000000,-0.7911772758885145,-3.182032319242054
1671213600000,-0.68456483827716,-1.2813362787539402
1671235200000,-1.971329111418278,-0.915141077950704
1671256800000,-2.515978242981889,-1.8211753804676813
1671278400000,-0.43834795755057754,-1.8193067736515738
1671300000000,-4.236652494163953,-1.6610479363446964
1671321600000,-6.381908399570916,-3.5228292916281423
1671343200000,-4.276813630748996,-5.593235852220933
1671364800000,1.1514301170951953,-3.936158853580354
1671386400000,3.5943251066661364,0.08613795641627195
1671408000000,6.458290141322771,3.2333159312734687
1671429600000,8.933912005135923,5.911219967201738
1671451200000,10.438347425074936,8.54026513706053
1671472800000,11.358275184026713,10.169308077017924
1671494400000,11.586233868722614,11.113180931432103
1671516000000,12.083035607646694,11.669437489406668
1671537600000,11.5895712083845,11.603083512320447
1671559200000,10.338618013670118,11.12681942397742
1671580800000,9.685997666130836,10.51537666265834
1671602400000,9.05573734426361,9.80957688790577
1671624000000,9.264581458095876,9.325812871135264
1671645600000,9.523319811359972,9.144315766393708
1671667200000,10.179923543338308,9.555970944711484
1671688800000,9.460105223057074,9.89455898086746
1671710400000,9.61950104636264,9.696817920387137
1671732000000,9.796830712026255,9.612769457646188
1671753600000,9.46428857806097,9.712826734325414
1671775200000,9.155681659648945,9.478401023072081
1671796800000,11.657883281322995,9.646288974827923
1671818400000,10.884787906299938,10.75738831309529
1671840000000,9.599059831528436,10.979948994745252
1671861600000,10.083310869004992,10.017975397096224
1671883200000,10.282127102388104,10.012949410971109
1671904800000,9.365799038269131,10.065766825820461
1671926400000,9.505569393328601,9.646894522387573
1671948000000,9.79196258924193,9.489468827371295
1671969600000,11.98920297966719,10.054653880572078
1671991200000,12.037821659622082,11.342095809925514
1672012800000,10.949445985956453,11.915636629597277
1672034400000,9.984138115831955,11.069088044104639
1672056000000,7.249856738989143,9.884775424588467
1672077600000,3.747733540005154,7.472587015721705
1672099200000,4.170948243932463,4.7875284680728445
1672120800000,5.3938966093297305,4.13747486751661
1672142400000,6.950049719137143,5.408843018479581
1672164000000,5.494070929710311,6.200972632068233
1672185600000,7.671749461092818,6.255267107469523
1672207200000,8.775963680986045,7.1921837371328605
1672228800000,9.433905950540767,8.59557181476516
1672250400000,9.8513049789097,9.290732227546581
1672272000000,10.926329739338048,9.91202918929283
1672293600000,10.54397517915756,10.565178081242726
1672315200000,9.398076909273046,10.575284002835271
1672336800000,6.788009117176006,9.281885217278552
1672358400000,6.167619946027043,7.409219894574318
1672380000000,8.041744453369537,6.621916245862928
1672401600000,10.018063121982541,7.685687085737069
1672423200000,12.884884107680548,9.970377174806801
1672444800000,14.603089953225757,12.40324096899872
1672466400000,15.774082781088472,14.288162154380721
1672488000000,14.963153316926544,15.273630389562602
1672509600000,15.462166076098686,15.334995099132367
1672531200000,14.413403233064374,15.115246412213919
1672552800000,13.089954877140546,14.526526594230795
1672574400000,12.090517666088726,13.415665819187357
1672596000000,12.90992456218725,12.383122462042827
1672617600000,13.026528737730526,12.65036266018646
1672639200000,10.467416101375871,12.725722976651591
1672660800000,8.996906137397623,10.941756227831819
1672682400000,7.856488207201937,9.223734340970479
1672704000000,6.364542772587588,7.901862312360931
1672725600000,7.944476143450276,6.989590256761163
1672747200000,8.252704707058994,7.591969196242515
1672768800000,7.90398701823291,8.16123075471468
1672790400000,8.87631955545299,8.106475977114368
1672812000000,10.398840850609776,9.189661669513738
1672833600000,11.008812342796382,10.81740543040585
1672855200000,11.053587935595367,10.978215686836739
1672876800000,10.023513475133782,10.872501681061454
1672898400000,9.92267079436021,10.25841252790021
1672920000000,10.1394324794044,10.017630207521304
1672941600000,10.318087726659169,10.144176386684352
1672963200000,9.718275543577247,10.126335168885426
1672984800000,9.620541965909702,9.870885292804017
1673006400000,10.007313317051844,9.706542640277515
1673028000000,10.458977572307228,9.981914516123263
1673049600000,10.223053178635416,10.29035476044187
1673071200000,10.747647540786677,10.282915621866538
1673092800000,10.489121780726741,10.579585878617857
1673114400000,9.565223050255307,10.519952765779
1673136000000,9.601791539171497,9.85860744675058
1673157600000,8.680191665930963,9.214886102248549
1673179200000,9.193779894308484,9.11200786982535
1673200800000,8.165525239041848,9.030651480347652
1673222400000,6.351785849973646,8.073186399619704
1673244000000,7.102222118294877,7.0460431178985905
1673265600000,6.523526218624087,6.787070893344244
1673287200000,5.651941171775851,6.614321146963647
1673308800000,4.780630708258335,5.776124775495957
1673330400000,5.574291909016626,4.958389605400879
1673352000000,6.709952052249465,5.538280600032141
1673373600000,8.043996830925066,6.693463468344615
1673395200000,10.498429348085793,8.037501602200454
1673416800000,9.802650540503178,9.690202757434207
1673438400000,9.077426145804774,9.981605782350135
1673460000000,8.061033676053611,9.061210284529823
1673481600000,8.051105666954163,8.302649827838462
1673503200000,8.925373080152852,8.172212459934086
1673524800000,9.857895477227702,9.01340562901658
1673546400000,9.668706634455237,10.092552472126984
1673568000000,7.965673162347156,9.581231092406078
1673589600000,7.855096095205216,8.40949708577003
1673611200000,7.7731180549875525,7.803316151526488
1673632800000,7.696798608893078,7.880467504564829
1673654400000,6.641643772924566,7.50408057188023
1673676000000,8.120804277411763,7.148711233511675
1673697600000,10.000930083643338,7.964330624912996
1673719200000,9.225228168857425,9.541600071400534
1673740800000,5.861260112563712,8.851843728342898
1673762400000,5.88076883942622,6.727014349096936
1673784000000,6.247026734958494,5.97771712879225
1673805600000,5.4336903071092975,6.039192528179517
1673827200000,4.943173096597453,5.527085859765192
1673848800000,5.541631838692252,5.140239361571162
1673870400000,4.996631062186961,5.33057976116086
1673892000000,2.92017504521188,4.863221531658503
1673913600000,1.7727245816963626,3.361357874532167
1673935200000,3.098019541843849,2.1312100694460026
1673956800000,3.25905917030685,2.858034453757765
1673978400000,-0.5880145068535131,2.764514320666124
1674000000000,-1.1397198178143646,0.3584480597900413
1674021600000,1.3954330684735767,-0.7687908499872288
1674043200000,2.9961229126291236,1.0349322930948779
1674064800000,1.5469846105299934,2.3928954239525546
1674086400000,1.4676055159479078,1.870131049418415
1674108000000,1.8557714477461775,1.5318532072859459
1674129600000,2.5020089146024755,1.8652830786366883
1674151200000,1.6821959419809445,2.2306209138436874
1674172800000,0.8996708734680706,1.7991769110242124
1674194400000,0.8850388750864592,1.0949430449332804
1674216000000,1.1219047763413181,0.9423218021862069
1674237600000,0.2706856873808307,0.9379812552338916
1674259200000,-2.528633353075312,0.05886974421837913
1674280800000,-2.228372702652699,-1.7502025069100122
1674302400000,0.00016698686273932975,-1.9816939321854699
1674324000000,-0.6716625396528341,-0.7111780364389364
1674345600000,-0.775335300589781,-0.4550041815996515
1674367200000,-0.4474917541873977,-0.7157386886400701
1674388800000,-0.014778724474651811,-0.47503369529064415
1674410400000,0.2625656665643804,-0.08578986994781991
1674432000000,0.6555548274103616,0.2357382198117372
1674453600000,7.3101976843370196,1.040174399460794
1674475200000,13.498453513058749,4.982774088993545
1674496800000,2.061472485965999,2.498831289721984
1674518400000,2.001165617909687,2.217669630533707
1674540000000,1.8298533871963987,1.9701753152607147
1674561600000,1.9651030000868435,1.9132646711799632
1674583200000,0.9059410840713766,1.7665439121116548
1674604800000,0.05664065393165034,1.0967872498176894
1674626400000,-0.4976364720418963,0.18690188798644294
1674648000000,-0.9446183684593344,-0.366295538228086
1674669600000,-2.131660487820892,-1.0274760724839185
1674691200000,-1.7409266825177736,-1.7776776762671131
1674712800000,-0.6091058901062992,-1.7179181216939658
1674734400000,1.0919779181566667,-0.6496613119687081
1674756000000,2.814652070812827,0.873706239630103
1674777600000,2.9405841672351594,2.36029593327831
1674799200000,2.9663584211628273,2.9089001001393915
1674820800000,3.9468671209387773,3.1427645800600175
1674842400000,2.927406010165401,3.506910623931333
1674864000000,2.115827060125326,3.122181027739507
1674885600000,0.9362002584420134,2.1332383897646117
1674907200000,0.559276295544151,1.2894132383135397
1674928800000,-1.5483533893361947,0.3461777911645312
1674950400000,-2.620424019445041,-1.1312227963150496
1674972000000,-0.660089925572147,-2.1006178731863208
1674993600000,1.7164773090037306,-0.8289449093190447
1675015200000,2.1422109350281757,1.1099283642603244
1675036800000,3.2510863084324524,2.1542071488206784
1675058400000,6.381827574562923,3.424678042380061
1675080000000,6.29477085061156,5.4051334892394225
1675101600000,4.819940313416521,6.206110615461159
1675123200000,3.487041526447142,5.032670365592648
1675144800000,4.191036774349627,3.9274626868506073
1675166400000,6.003619134081581,4.275831948125982
1675188000000,6.465191571698712,5.607911871347813
1675209600000,5.690734293284878,6.230916560817558
1675231200000,5.639851281953894,5.770444354458132
1675252800000,6.942016169604133,5.909756293016321
1675274400000,6.506476036546545,6.556041781015575
1675296000000,6.627067388570429,6.6555646407793985
1675317600000,6.618497893752822,6.544902775661055
1675339200000,8.146499369492924,6.919548944177917
1675360800000,8.012256398042274,7.685380980523381
1675382400000,8.086898347575827,8.07713067928375
1675404000000,8.10836809450914,8.079005268996772
1675425600000,8.202731525846225,8.095359636629714
1675447200000,7.754067877094584,8.161195650114509
1675468800000,6.011462826459694,7.571207631686662
1675490400000,6.677262250317851,6.541990320865394
1675512000000,7.959665849826443,6.790012024245973
1675533600000,6.896336247020451,7.3838600049660625
1675555200000,6.649017523063074,7.132215915299014
1675576800000,6.057602457303214,6.639442729535911
1675598400000,6.180413703670032,6.291587965533289
1675620000000,4.112576927408318,5.859205436155286
1675641600000,1.9149472948093662,4.327645459499442
1675663200000,2.9402763308733486,2.5520677549276614
1675684800000,4.66544992533848,3.03224801603171
1675706400000,2.5141241429683614,3.93047616036687
1675728000000,-0.3349031534724239,2.6500358383435048
1675749600000,3.03049898300018,0.7882891921852156
1675771200000,4.53760474497606,2.314301406422848
1675792800000,0.38613974111621013,3.6948149842567277
1675814400000,-1.8876476601202865,1.2347830089857712
1675836000000,3.21074202822524,-0.7275446424780982
1675857600000,5.714908622812342,2.1399471341239082
1675879200000,0.7937960515770576,4.520074253151382
1675900800000,-1.3790587083129697,1.778328307293291
1675922400000,3.599177347552759,-0.058778681472892697
1675944000000,5.215608072349891,2.511478551648633
1675965600000,3.501799273594416,4.589034191606359
1675987200000,3.042218504352266,3.859945658836972
1676008800000,5.138087558332297,3.324703153066456
1676030400000,7.49088732654555,4.9882996824129275
1676052000000,6.003763381030556,6.673850726115203
1676073600000,5.033985916336435,6.224382156918605
1676095200000,5.16713972478113,5.3248371201555225
1676116800000,6.513767488786004,5.3368134401986635
1676138400000,6.740001275466941,6.179924251374218
1676160000000,6.194936296874293,6.607593830346026
1676181600000,6.819157897562221,6.375299204950747
1676203200000,8.05511145302326,6.882116547209679
1676224800000,5.925482691283164,7.434720653528415
1676246400000,3.2790932072226804,6.194591605715055
1676268000000,7.353362008285238,5.778813221770854
1676289600000,11.869733980181593,12.310007198847151
1676311200000,6.77503011195601,11.14907177208819
1676332800000,3.3991417084347493,7.662517550367695
1676354400000,9.064551026879792,4.865555489977603
1676376000000,12.155553867433937,8.089146604413752
1676397600000,6.783542455019033,10.725868027738137
1676419200000,4.919926694436632,8.06193047701536
1676440800000,12.563155819148054,11.235059324546794
1676462400000,13.851868184087259,15.448163088743271
1676484000000,8.878381663098676,13.626601997579092
1676505600000,7.185464435500522,9.888299613395326
1676527200000,9.189355558111926,7.926169140332892
1676548800000,10.942130169969923,8.819320846111216
1676570400000,9.48336276653808,10.205464007917387
1676592000000,9.887391752278466,10.043160879483787
1676613600000,11.859525367005231,9.994364964285475
1676635200000,12.979027354705602,11.646268728075372
1676656800000,10.033885444014652,12.228445718714918
1676678400000,9.634497136752433,10.765232188827603
1676700000000,9.123066309260484,9.658489266448706
1676721600000,9.1245466933339,9.259183549927593
1676743200000,9.355870645882913,9.157560392325692
1676764800000,9.116759836265885,9.276683532364324
1676786400000,8.651607059430283,9.09745232124366
1676808000000,8.509488307136245,8.841416330980765
1676829600000,6.382483624992482,8.191494809800462
1676851200000,5.7533552588372405,6.872733231280673
1676872800000,6.255351180787893,5.878067436106393
1676894400000,8.241797630388366,6.543183876738637
1676916000000,7.019679632205553,7.467029836546418
1676937600000,6.240050410944695,7.2217901305369265
1676959200000,6.984655317323298,6.436007511347737
1676980800000,9.796989825930181,7.455865758371959
1677002400000,5.208063226757628,8.279517360213681
1677024000000,1.8695106534314645,5.875794535624783
1677045600000,10.046043898469659,3.8762171764877187
1677067200000,12.577759581301086,8.2040977181301
1677088800000,8.820251886981383,11.64858133081387
1677110400000,7.527484866785393,9.654537172913802
1677132000000,7.422876256251196,7.887817731377674
1677153600000,7.7182812935113905,7.503791828950246
1677175200000,6.531490193505959,7.440638708048908
1677196800000,4.6012027413085965,6.590102024917634
1677218400000,4.3378796544735705,5.10540653657681
1677240000000,4.652768629402655,4.635568093080115
1677261600000,4.60893913898681,5.2405542006197665
1677283200000,3.111731795453432,4.598271833119056
1677304800000,4.152996585162435,3.591892428538553
1677326400000,5.072118389628111,7.812909678841676
1677348000000,0.9180886785407545,1.5588840466657863
1677369600000,-0.7278416610169539,0.21004444664813135
1677391200000,1.867001356681832,-0.05878141420232557
1677412800000,3.303541263430971,1.8638221181712105
1677434400000,0.3999453265037712,0.8491224655751791
1677456000000,-1.1129268334645206,0.2165809223405182
1677477600000,2.9937922526514047,-0.17044812623814695
1677499200000,4.543626016697357,2.0015918245183983
1677520800000,1.0227650394814114,3.7165855709625863
1677542400000,-0.9635875857918068,1.7398675938389463
1677564000000,2.611154603583609,0.04667673438812213
1677585600000,4.032030775457247,2.098678358179755
1677607200000,0.7443681702267744,3.3272393030220533
1677628800000,-1.6965716459921427,1.3241750588114574
1677650400000,1.944391463805611,1.2013995351653601
1677672000000,5.264600059105647,3.2480281085888874
1677693600000,1.7125143554571753,4.090588619896979
1677715200000,-0.7670805554521073,2.3907017697437176
1677736800000,4.28212707880896,0.519080508644034
1677758400000,7.960343458508485,3.3859259321685604
1677780000000,3.426956124820155,6.425414917973562
1677801600000,-0.04258358568047362,4.192163723230065
1677823200000,0.2670302418091516,0.9066530352991646
1677844800000,2.0069035185817863,0.4844149185166814
1677866400000,0.8041050043192699,1.1940430138230769
1677888000000,2.279173614029073,1.411548486240672
1677909600000,4.374818944436386,2.1436197606359775
1677931200000,5.791545762857461,4.09943491373814
1677952800000,4.580734198442489,5.262682690258493
1677974400000,3.4883741428248616,4.73624914691656
1677996000000,3.7101637731449237,3.764587906386348
1678017600000,4.273737341833312,3.7894579209727373
1678039200000,2.6613459519853437,3.876749379661557
1678060800000,2.2130084176775826,3.050106596155285
1678082400000,3.091973865279518,2.410992455680341
1678104000000,4.5034484167227005,3.083207114030851
1678125600000,3.541510797644591,4.000723401820793
1678147200000,3.527727298321071,3.8384549039033438
1678168800000,3.905475942425708,3.513643574516803
1678190400000,2.988456248593756,3.7725800154564437
1678212000000,0.8947301295783016,2.941853202230208
1678233600000,0.5057335393124596,1.3535198115214273
1678255200000,1.1560793287869757,0.6623296764865054
1678276800000,2.8026396423949245,1.2887476513494593
1678298400000,2.8863773139185924,2.2456168280597546
1678320000000,4.9715961322744855,3.2618696854816926
1678341600000,5.708837847208463,4.306074188247719
1678363200000,11.299871676591422,6.547907286560882
1678384800000,10.329388725708135,9.519637509896052
1678406400000,9.573654876408241,10.548788394769693
1678428000000,9.857131243642065,9.886785502455533
1678449600000,5.482357283894946,9.208504875863737
1678471200000,1.195698642720824,6.046819000608048
1678492800000,0.06974940036990607,2.0899371528279236
1678514400000,3.748778748843834,0.933254278027665
1678536000000,5.009930260258208,4.542115970367869
1678557600000,1.7437267520905355,2.771304036907944
1678579200000,3.6035487627102993,2.1483150989076796
1678600800000,6.772174881899505,3.260971304687722
1678622400000,10.919924613890272,7.066476753903562
1678644000000,10.14426761286882,10.256465434236645
1678665600000,11.300669069804592,10.353015184996039
1678687200000,13.160159696953468,11.256302519764956
1678708800000,14.282250296839724,12.91521999881933
1678730400000,11.469148247611074,13.498065679143163
1678752000000,8.970774681684812,11.854211906965983
1678773600000,7.993091342362159,9.682114401289127
1678795200000,4.54136690045848,7.595206099327164
1678816800000,2.8113928693683206,5.273098173862746
1678838400000,1.6774598616682395,3.18852761282143
1678860000000,4.799567138100718,2.3202528551485413
1678881600000,6.7765658943052856,4.199477784814602
1678903200000,4.803772714760473,6.019256823277082
1678924800000,5.037116737682295,5.434156477204002
1678946400000,8.033729982969671,5.249768713005351
1678968000000,12.500065080338032,7.976882259183239
1678989600000,11.078633261696835,10.993981134154184
1679011200000,11.224862147366853,11.612922180144125
1679032800000,14.224974264247784,11.447468740613628
1679054400000,16.226525403611742,13.854146390967921
1679076000000,12.900429291942801,15.27457663824944
1679097600000,11.17765000529309,13.479707706024044
1679119200000,14.895812265608924,12.211381269460494
1679140800000,15.077145806387747,13.665980456182076
1679162400000,11.830052164877104,14.728595304686994
1679184000000,10.265192522943266,12.595054681865012
1679205600000,11.771349304496674,10.787789837249035
1679227200000,12.678214352951999,11.53276496269891
1679248800000,8.872399364184819,11.899876702618629
1679270400000,6.419067525270075,9.626972479048606
1679292000000,7.098543817670514,7.160362723655226
1679313600000,9.513704331583996,7.263933539093777
1679335200000,9.453886987362328,8.760675424359656
1679356800000,9.543161514142877,9.489707405213846
1679378400000,10.197307156922907,9.536992841142837
1679400000000,13.554542336523285,10.62746843243041
1679421600000,11.554118887319605,12.25715688135614
1679443200000,10.169138099088158,11.997680172787717
1679464800000,11.260332412640583,10.677538848813638
1679486400000,12.816365330477314,11.179377028596386
1679508000000,11.91848112647095,12.24661010704183
1679529600000,11.218884382999784,12.081275026630069
1679551200000,11.98151899907599,11.49387637609268
1679572800000,13.702642956017458,12.009905191081193
1679594400000,12.370989080088762,13.029174433902092
1679616000000,11.807065473250107,12.838519219493113
1679637600000,12.308993801338543,11.777064010018629
1679659200000,11.945185472955348,12.15619972513919
1679680800000,8.93464350482554,11.784845293558318
1679702400000,7.685625008033024,9.497518545760158
1679724000000,9.33912692301597,8.162144759919645
1679745600000,10.564322187099219,9.099093821830275
1679767200000,9.31642846518802,10.126793651572893
1679788800000,7.827663834757825,9.44179472112062
1679810400000,7.01371965464049,7.549702514193094
1679832000000,7.567687071804189,7.0160946113934655
1679853600000,5.133901377823876,7.0783829708803445
1679875200000,2.2350770363722563,5.335474963799806
1679896800000,5.100164523757839,3.5204306473870495
1679918400000,5.938225265360472,4.3439506995727415
1679940000000,2.946593750764205,5.306330319511005
1679961600000,0.7886340218585353,3.496335254071659
1679983200000,5.998980795595161,2.2323619157941508
1680004800000,8.974741658218276,4.896309475227726
1680026400000,5.950649013558858,7.52060333683283
1680048000000,7.786383131413761,7.221141289040892
1680069600000,10.859210161214648,7.648193741794838
1680091200000,15.444226277220793,10.840785659695067
1680112800000,14.773100419657853,13.937009115337831
1680134400000,14.90921131578633,15.100264789750595
1680156000000,12.71778141670702,14.529146378861423
1680177600000,13.449948974466917,13.527878457777728
1680199200000,10.666021543402254,12.63730567141953
1680220800000,10.262682432253685,11.48087689116761
1680242400000,12.61423580402262,10.767301660313837
1680264000000,11.744874532740706,11.785649028385851
1680285600000,9.120253827660905,11.62157827828435
1680307200000,8.432314227329744,9.718216265682363
1680328800000,8.608701516463519,8.612097319702249
1680350400000,9.177056607491448,8.693252153345142
1680372000000,7.923798654325872,8.793145827407805
1680393600000,5.620109453351791,7.935760126161417
1680415200000,3.9358062942987657,6.019498705171451
1680436800000,5.03408192619156,4.620150825384988
1680458400000,3.8970949361927776,4.559993423762658
1680480000000,1.7234477828399768,3.909053271341126
1680501600000,6.853224092004705,3.1837537579516653
1680523200000,8.113107156555682,5.403197514268867
1680544800000,3.628873932554594,7.10935335468088
1680566400000,14.027859272984827,5.460038575690811
1680588000000,6.368857702081134,8.769745916548606
1680609600000,7.91925617608355,10.710743632144382
1680631200000,4.920024995238195,7.328188960456294
1680652800000,0.9216789690552558,5.157685861350095
1680674400000,9.377042155923242,3.464115740353879
1680696000000,10.049665608496037,6.889586967424095
1680717600000,5.305501792281433,9.341268877114137
1680739200000,3.435722311453206,6.260025467219689
1680760800000,9.110494708332837,4.858867739347234
1680782400000,7.925925712697223,7.221905721087194
1680804000000,8.15631154167207,8.407787740477882
1680825600000,7.738252307567359,7.9777988287423165
1680847200000,8.041590572554778,7.8424401417230705
1680868800000,9.049745687595058,8.233012824925872
1680890400000,7.505571356841496,8.597751201189238
1680912000000,6.77081026589905,7.803724287556
1680933600000,9.230871783846148,7.228217097436739
1680955200000,11.438576685244612,8.951547800356916
1680976800000,8.113571442691482,10.360677357186722
1680998400000,5.892751355784562,8.735968960963838
1681020000000,11.557010968060087,7.444235034402465
1681041600000,14.22903383682723,10.281513785749938
1681063200000,10.755702989442009,12.97985499839846
1681084800000,9.000610538933781,11.548420080208679
1681106400000,13.482358275355192,10.159861133798866
1681128000000,15.708007203618703,12.52181683177972
1681149600000,9.893899007422156,14.13964038034862
1681171200000,8.295101156080475,11.391655495531674
1681192800000,10.82425184329021,9.039642272648475
1681214400000,11.736801656166415,10.120967574018618
1681236000000,9.83412680254459,11.305354736903075
1681257600000,7.927976713536686,10.076791475224791
1681279200000,9.441774222662835,8.673345977735718
1681300800000,9.646760329227138,9.106607888853436
1681322400000,7.17053635803001,9.279958722601293
1681344000000,6.405025568012379,7.767871116810644
1681365600000,8.841698028635681,6.840681437535899
1681387200000,12.02794910991474,8.687298517001521
1681408800000,7.679474388246124,10.485433654531688
1681430400000,4.974941832155966,8.595441010323663
1681452000000,12.018377845218073,6.896149964550224
1681473600000,13.19092259494903,9.931656486424968
1681495200000,8.771865616596585,12.379651853949202
1681516800000,6.068177048767419,9.650442891969368
1681538400000,11.304396807405464,7.429762814747347
1681560000000,11.946524548480596,9.790704630405898
1681581600000,7.480652075379951,11.283096517354634
1681603200000,6.38303732743455,8.639083056368802
1681624800000,7.606407637370396,6.807186727799478
1681646400000,10.143817458416674,7.7176922946022595
1681668000000,9.036760623029654,9.209807111415625
1681689600000,7.609005964247517,9.13777172674282
1681711200000,8.683313960440312,8.104790680851115
1681732800000,13.33724435153492,12.921858284180177
1681754400000,9.735587470555226,12.895101791204409
1681776000000,6.019616556920086,10.35172078379761
1681797600000,9.486869345075664,7.647245029872438
1681819200000,12.65393993646772,8.842800480696175
1681840800000,9.706555446450642,11.31170386160063
1681862400000,9.008851923289635,10.579933800044396
1681884000000,13.07546479847361,9.668692672267488
1681905600000,13.024266175681399,11.783232761349803
1681927200000,8.493206754364166,10.432602498366021
1681948800000,4.7920244961878,8.22350438270854
1681970400000,4.903950929740735,5.747756453843608
1681992000000,8.866568675027343,5.521724005960834
1682013600000,6.87529562380304,7.354112019281664
1682035200000,5.6495258190087,7.386928307174499
1682056800000,12.28595826101501,7.014517994243574
1682078400000,14.51887351638205,10.670991643032329
1682100000000,9.418308438454751,13.167109143694374
1682121600000,8.33616823769883,10.672970002275765
1682143200000,17.378502286153775,10.102432770190445
1682164800000,15.436207783172733,14.327450095370597
1682186400000,10.271409819037093,15.291938154133524
1682208000000,9.98555678701253,12.940073512286963
1682229600000,,12.940073512286963
1682251200000,,12.940073512286963
1682272800000,,12.940073512286963
1682294400000,,12.940073512286963
1682316000000,9.241001426655313,8.049508862910063
1682337600000,10.614802920197139,8.410963138930555
1682359200000,7.490793064125346,9.355329895019532
1682380800000,5.942144629867282,8.21512971780746
1682402400000,7.487060048867064,6.568388145889979
1682424000000,8.71185174944392,7.235823420678594
1682445600000,5.760412209453773,7.9407086253562245
1682467200000,2.461138589685145,6.04964882115589
1682488800000,8.343803070703595,6.075889032186616
1682510400000,10.207021614629694,10.344424303348312
1682532000000,6.8387607967738875,9.761610517338298
1682553600000,4.568084981009277,7.464484176739316
1682575200000,10.878698053142324,8.853674121761564
1682596800000,12.964151369625862,12.04278502129309
1682618400000,10.76398287679916,12.305226290136352
1682640000000,10.020037080610207,11.313862254844672
1682661600000,14.667229116088997,10.817426183914282
1682683200000,17.42220581658803,14.047213432178847
1682704800000,12.386494858820635,15.988093347079374
1682726400000,9.316780279553125,13.273134080987228
1682748000000,9.087693856573145,10.032578219347629
1682769600000,12.131686920908558,9.684876192183722
1682791200000,9.205207674126877,10.800639570008345
1682812800000,6.576533843202201,9.661290040490224
1682834400000,14.773031296885401,8.626236087397524
1682856000000,16.451772270346048,12.455182116133228
1682877600000,12.500493568684922,15.534898501390602
1682899200000,10.719333755442173,13.403945481866822
1682920800000,15.696303197514942,11.924021729650155
1682942400000,14.677234887578624,14.20995711244104
1682964000000,11.054412564936536,14.562539103037134
1682985600000,9.329670520454222,11.593632617988682
1683007200000,11.113557306819137,9.967335549884018
1683028800000,12.599882354142538,10.919878122733328
1683050400000,8.190947490840095,11.606415275377527
1683072000000,4.859356444329023,8.916600227557325
1683093600000,12.027348783503447,6.955184821866412
1683115200000,14.938055378819401,10.233481523043821
1683136800000,11.060268238567,13.609108066917813
1683158400000,7.372779445241866,11.676737167881047
1683180000000,17.614740804249273,9.91570362899033
1683201600000,23.324420127211223,15.361012400273967
1683223200000,19.76456649099762,21.368692088965794
1683244800000,15.593092469444052,20.251801536196755
1683266400000,17.47668501980992,17.21882690265649
1683288000000,17.370807260897326,16.84691333850424
1683309600000,12.675025664674509,16.46466667052598
1683331200000,10.795913748075888,13.702286577662928
1683352800000,18.47448544354865,12.741064230600992
1683374400000,17.004449432854265,15.795078614202259
1683396000000,14.202786581060144,17.131886028506504
1683417600000,12.769571023477349,14.813932751055647
1683439200000,18.331168126920453,13.978784004415472
1683460800000,17.888116971990318,16.50053512283236
1683482400000,15.510214901607835,17.854501507535215
1683504000000,13.561968941636751,15.87653872721775
1683525600000,16.863431697501277,14.587056324495906
1683547200000,18.649799726162737,16.181710217331684
1683568800000,15.875406960795697,17.855760867533927
1683590400000,13.842909962710682,16.301488362458116
1683612000000,17.376596558362916,14.977185359674388
1683633600000,14.414042567250723,15.820492993022565
1683655200000,12.006062013662747,14.939903544901606
1683676800000,11.788281749065657,12.642886515946417
1683698400000,12.268531946035532,11.868059834907685
1683720000000,14.128789647977952,12.457928953911726
1683741600000,11.789128869996034,13.269905761170607
1683763200000,10.3544374954332,12.270312124824365
1683784800000,12.484693318480936,10.975495932793358
1683806400000,14.887519442845905,12.27376884007912
1683828000000,12.20496023906303,13.809495603231559
1683849600000,11.355880912981535,12.926257162165822
1683871200000,13.357090371194838,11.719022634931674
1683892800000,17.372630116933568,13.47338388836573
1683914400000,14.314496114040875,15.843055744218946
1683936000000,10.8514445933483,14.683264281417095
1683957600000,18.53464310748834,13.04789646406819
1683979200000,18.757263490060758,16.14150686857843
1684000800000,12.410001806945928,17.792794966159907
1684022400000,9.826411504195747,13.866091278063424
1684044000000,14.618744720293266,11.259427266212533
1684065600000,18.641109703975413,13.965488403164155
1684087200000,14.816975250977123,16.950624286680295
1684108800000,11.232031529409843,15.43385062221696
1684130400000,14.793654605957897,12.614310632672225
1684152000000,15.360679224121043,13.912170936390073
1684173600000,9.996307209719193,14.508471167475957
1684195200000,7.642272953003172,11.084335139919144
1684216800000,11.390975078942882,8.817240060521048
1684238400000,13.027456372802021,10.525838240844166
1684260000000,9.867633075044866,12.216108028030874
1684281600000,6.928580803797427,10.254513605893804
1684303200000,12.738402691301745,8.632700229746755
1684324800000,14.292933228619415,11.25780080812816
1684346400000,9.427936186467795,13.276992925326827
1684368000000,5.880498879535455,10.263253282883213
1684389600000,12.975626230040689,8.015572513852801
1684411200000,14.569463928292505,11.01821013961392
1684432800000,10.667859687143897,13.711739610609852
1684454400000,6.867311661504365,11.08502703621274
1684476000000,15.922015238188736,9.448805347604443
1684497600000,17.706661380522434,13.427016093318624
1684519200000,13.944123179293117,16.799771868993364
1684540800000,10.010624917441216,14.405201697917448
1684562400000,17.0856967163564,12.29722077466093
1684584000000,17.619896703395455,14.94257095105143
1684605600000,13.832323526479646,17.037402356178838
1684627200000,11.048950984464055,14.482974120150432
1684648800000,17.016104215368593,12.637075325401007
1684670400000,20.70239967052998,15.787398573350389
1684692000000,18.195748684499897,19.43532611015148
1684713600000,14.481421869799009,18.377785789438757
1684735200000,14.405727832638032,15.440624476076666
1684756800000,18.03259620714128,14.96946833503777
1684778400000,15.419655543321754,16.624503601762584
1684800000000,13.03364708708442,15.942541907206115
1684821600000,13.166809394874685,13.57757258106364
1684843200000,15.172834472449102,13.498243665336666
1684864800000,10.347488716431428,13.891571419380462
1684886400000,6.584050859126232,11.084460954020795
1684908000000,12.716179446568566,8.664395864147291
1684929600000,13.647335042171662,10.951764403211044
1684951200000,11.280679415300938,13.152612519104744
1684972800000,8.752749318168277,11.53533086800635
1684994400000,15.683898588768521,10.645017153437973
1685016000000,16.301207248031247,13.6409633854776
1685037600000,12.735920931960308,15.733505537834581
1685059200000,8.611282831843734,13.103105483298114
1685080800000,11.527123909147958,9.960060645066008
1685102400000,17.144280771206873,11.650422997719764
1685124000000,12.731553258553284,15.065052404539129
1685145600000,8.374501007840149,13.312356073256822
1685167200000,17.056098680647594,10.916993326013449
1685188800000,20.67611324896689,14.921035766601562
1685210400000,16.415481949011884,19.244406795740726
1685232000000,11.083979303476307,16.73779928076735
1685253600000,20.730980357629814,14.193227626526465
1685275200000,21.990200589274803,17.969433645457155
1685296800000,16.90217549340767,21.103752613465986
1685318400000,11.543826470896914,17.475052003374476
1685340000000,16.78235788114288,13.846103109313532
1685361600000,18.03299243786779,15.368016840521255
1685383200000,13.715655642476383,17.20557972899651
1685404800000,8.835343538569528,14.069284546644168
1685426400000,15.285320985088173,11.212468508192172
1685448000000,18.40612778946471,13.788814624748134
1685469600000,14.54440382588577,17.123477117559165
1685491200000,10.959014454381906,15.063142308416024
1685512800000,20.063057855655476,13.399023616523074
1685534400000,22.875644674277247,17.73478102664103
1685556000000,18.47407018570673,21.621324721633542
1685577600000,12.105286622107178,18.74932709473217
1685599200000,14.109997469281394,13.867442359302874
1685620800000,20.106478810709056,14.603086137053959
1685642400000,13.168067293955868,17.559009422933247
1685664000000,9.872161416094821,14.739743140268864
1685685600000,12.081539871499453,10.814262377389193
1685707200000,16.37591963125052,12.105485461608708
1685728800000,13.87395942181274,14.90367475189362
1685750400000,10.48664443216029,13.996227441674586
1685772000000,18.425675651483367,12.747984872226827
1685793600000,20.74811889852398,16.461099581212526
1685815200000,15.703159576470192,19.513157566488037
1685836800000,10.634295647206063,16.219623780389977
1685858400000,19.763854053882927,13.556908480007646
1685880000000,21.832544688493286,17.304263010957186
1685901600000,17.342496631338683,20.789927757473517
1685923200000,12.095990910366762,17.69103905670625
1685944800000,20.77783259237555,14.940985709914491
1685966400000,22.78843135016192,18.439539719262918
1685988000000,17.796410817948598,21.718381032409923
1686009600000,12.889413752352683,18.401144140844256
1686031200000,20.889277915906785,15.463280473038267
1686052800000,23.89053609888706,18.92177104431433
1686074400000,19.343620406256782,22.539696322945424
1686096000000,14.872722953582866,19.96058738600142
1686117600000,18.064814905375368,16.655354236899164
1686139200000,19.128404780025537,17.14946956213841
1686160800000,17.11627130540292,18.676456156629467
1686182400000,13.953932157833574,17.166523774863286
1686204000000,22.107913630747657,16.15124899482568
1686225600000,23.51823026288069,19.91242264087261
1686247200000,19.65459736606531,22.79166458722643
1686268800000,15.895208350000724,19.931089716746396
1686290400000,24.95954322257237,18.47580115080079
1686312000000,26.84096558410721,22.459162845946196
1686333600000,22.519745891255543,25.87524017773774
1686355200000,18.172614152568922,23.02906672558191
1686376800000,26.733992367858377,20.765323764797838
1686398400000,27.96002479623334,24.2586131458394
1686420000000,23.028184780002935,27.081473800671926
1686441600000,18.765419438170113,23.656433576330507
1686463200000,26.7915360905672,21.31301614813936
1686484800000,28.119579306421624,24.580471292175446
1686506400000,23.529835345104456,27.239012310507903
1686528000000,17.959708943203676,23.873641798071993
1686549600000,26.496944942171613,20.947816350804633
1686571200000,27.31307959895186,23.935549634042736
1686592800000,22.565532905017722,26.642703504092314
1686614400000,17.381825740275627,23.024270043337257
1686636000000,24.841871626494623,20.140009337499325
1686657600000,25.11833430969825,22.491260336554838
1686679200000,20.858766500015705,24.561491012573242
1686700800000,16.0707651889613,21.219055982062294
1686722400000,22.957240585097693,18.55651370823732
1686744000000,23.448877550505955,20.90965419425104
1686765600000,19.028327807647145,22.863615943475274
1686787200000,14.29343794979314,19.435974995461258
1686808800000,23.256427517909255,17.135879824932356
1686830400000,24.48247131707774,20.701730794277207
1686852000000,20.402477193496182,23.68160238879466
1686873600000,15.053927000901455,20.623520779430418
1686895200000,24.545977296884995,18.224173813535455
1686916800000,25.198807345097922,21.642595070446145
1686938400000,20.31797272818429,24.51891873374818
1686960000000,15.043908185329453,20.729263033185685
1686981600000,25.881552111435255,18.37403160229064
1687003200000,26.38626100696527,22.620968198359535
1687024800000,21.594276943700752,25.715990819429095
1687046400000,18.494143523468807,22.497186069600065
1687068000000,24.2830483691243,20.358292226157726
1687089600000,25.805753636180906,22.698229646324215
1687111200000,22.974765486784946,25.04045195408234
1687132800000,19.291259707464413,23.19946224767164
1687154400000,23.199112226092627,20.80650760217219
1687176000000,26.181293494719313,22.444936686988264
1687197600000,22.912235272757293,24.956306168310025
1687219200000,20.0473463883874,23.409596431225463
1687240800000,26.629551899463014,21.88674690052182
1687262400000,28.170359762091387,24.93734764395501
1687284000000,20.04341821742237,26.61731871745939
1687305600000,18.72793233563926,22.212234269208277
1687327200000,23.316743092941024,19.569263128506936
1687348800000,25.559391307509706,25.967142808316932
1687370400000,21.56077301691449,25.1786054827914
1687392000000,18.970651249738165,22.39146307895058
1687413600000,22.364154311349814,20.263837168987532
1687435200000,20.523016547997393,21.151687238051082
1687456800000,16.998517505706303,20.484206954140213
1687478400000,15.541789621575527,17.671417239516337
1687500000000,21.381636266620735,16.864196900038692
1687521600000,24.136838527657062,20.034136345280587
1687543200000,20.286106636418282,22.95173037721645
1687564800000,17.98811302666915,20.950727848253752
1687586400000,24.67295806309508,19.60661768893183
1687608000000,26.33713161759471,22.975364495368634
1687629600000,21.589466714022453,25.34741739641156
1687651200000,17.86944587885985,22.22519452629631
1687672800000,28.417161972600415,20.725651042304044
1687694400000,29.725290719917986,25.40929039209394
1687716000000,25.252842328045126,28.808994743982417
1687737600000,20.534128831806576,25.96672833931331
1687759200000,21.20150361282413,21.793832570490455
1687780800000,21.830286573397835,21.00877253892325
1687802400000,17.461672644188994,21.074303642292247
1687824000000,15.233987253896794,18.349506169645633
1687845600000,20.555863354787107,16.756118201408064
1687867200000,20.975296680252356,18.96521349927688
1687888800000,17.801579937500662,20.48019055754519
1687910400000,14.986151388385931,18.2351801769035
1687932000000,17.650311880741103,16.05521473370698
1687953600000,22.258140427668724,17.728844522682632
1687975200000,20.324885302164084,20.633930588246987
1687996800000,19.24723015931017,20.719393071275807
1688018400000,21.81848322518587,19.887717697953022
1688040000000,22.19606105386962,21.098164677121982
1688061600000,17.591737827296242,21.540587312448885
1688083200000,13.794728653572356,18.310165963774438
1688104800000,19.47529629736815,15.733196083664794
1688126400000,21.096777872515183,18.011643127173596
1688148000000,18.387416749570203,20.342421603382082
1688169600000,16.957742853571002,19.00228271866801
1688191200000,16.564298377200377,17.123977845175226
1688212800000,19.88154421479974,17.32976309961324
1688234400000,15.773197397950698,18.187821024940128
1688256000000,14.323529680868736,16.764466557785582
1688277600000,17.68154427959407,15.28843244992402
1688299200000,20.15553754234473,17.11780667922451
1688320800000,16.58078531035803,18.932522873332726
1688342400000,13.12458439128348,17.063951775263504
1688364000000,17.555632040315402,14.730832603043481
1688385600000,20.476590778585678,16.680750483879432
1688407200000,16.985523650520726,19.181828245483246
1688428800000,13.780913041318454,17.55353368798211
1688450400000,18.822438052821976,15.397825174961074
1688472000000,21.477266507638724,17.76006455369661
1688493600000,17.409212941812694,20.026489184514222
1688515200000,14.761039682896612,18.324308600142885
1688536800000,16.287184692962825,15.735769144375322
1688558400000,16.78359147759408,15.743849751544975
1688580000000,14.440789325095857,16.456781508430602
1688601600000,12.498180045619446,14.74868801383048
1688623200000,19.52152331970023,14.201326879665286
1688644800000,21.50071128880285,17.70871434727823
1688666400000,17.17958287188881,20.41174838656471
1688688000000,14.597871825808571,17.9557009675449
1688709600000,25.993357068813136,17.197212224018603
1688731200000,27.952759689159606,22.81458128803331
1688752800000,22.78689073500478,26.72982509074454
1688774400000,20.014728819417673,24.005848156380075
1688796000000,30.79660217023723,22.430962018572135
1688817600000,31.061158157539765,27.462786524380423
1688839200000,25.60408115944667,30.497177184574188
1688860800000,21.863220980492052,26.367140103103523
1688882400000,32.18470661419981,24.61209535658534
1688904000000,24.343374661662633,27.63478748743619
1688925600000,21.39517108420083,26.596691209670396
1688947200000,18.317065021447966,21.665257347157922
1688968800000,23.287449964658016,19.96748009078731
1688990400000,25.340826389086477,22.05024330359055
1689012000000,20.965883697981425,24.249683888434568
1689033600000,19.788609295162242,22.007502993246668
1689055200000,25.65169099213853,20.566142496991983
1689076800000,30.258920910714686,30.26353792689074
1689098400000,24.002662076774943,29.402709517534667
1689120000000,17.16151319635188,24.76222073802773
1689141600000,20.133556366763518,19.38056554929754
1689163200000,22.512039650651744,19.599831527735457
1689184800000,17.835601463652495,21.26025524872387
1689206400000,14.564447693757046,18.66802197570291
1689228000000,18.50569336595591,15.947280889764466
1689249600000,20.5868758948902,17.778105779037443
1689271200000,17.95353955911813,19.69119601699842
1689292800000,15.839607034097883,18.288647674369415
1689314400000,22.28790103383331,17.49784653168872
1689336000000,25.518978809144674,20.71129997116325
1689357600000,24.428257636259072,24.556090558083135
1689379200000,22.74543256926955,24.555902723282102
1689400800000,22.810489865671922,23.22094772453595
1689422400000,24.397004235847465,23.11574083837032
1689444000000,17.7132290495169,22.49836366138761
1689465600000,16.810783099809484,19.703905989950464
1689487200000,20.70532540339269,17.789015325972333
1689508800000,22.6726440550789,19.83187532863123
1689530400000,18.46607138140558,21.5695446830246
1689552000000,15.29254186083699,19.169561697626072
1689573600000,19.97074011911824,16.931451028650166
1689595200000,20.46717086896594,19.315835568674018
1689616800000,15.777097982073586,19.533913372552885
1689638400000,13.658498957641143,16.670927971925153
1689660000000,22.08943147655283,15.718281134642783
1689681600000,24.41262051814182,19.886106102289315
1689703200000,18.849920642505413,22.928860740056113
1689724800000,15.910186851233767,19.99144392324271
1689746400000,20.19312811017335,17.269979704790746
1689768000000,21.930145266053085,19.31417223040977
1689789600000,17.600520371095534,20.899905585365918
1689811200000,15.072168151039627,18.380054275493574
1689832800000,19.34611131633035,16.34252219411265
1689854400000,22.07535842347364,18.537808835755413
1689876000000,15.925726623662632,20.427030623905242
1689897600000,13.937430785712143,17.464830283831834
1689919200000,18.56245746110615,15.088822061256657
1689940800000,17.85745126309119,17.026878150958993
1689962400000,14.722670968214272,17.849142868915198
1689984000000,13.16601440243255,15.319543970358202
1690005600000,18.46478499784605,14.252453911971728
1690027200000,21.7522108385537,17.49655372616442
1690048800000,18.719734532236306,20.423361997050417
1690070400000,18.202989065955855,19.575078616066584
1690092000000,16.875240335488378,18.01431705838158
1690113600000,19.879848010956295,17.8499727034031
1690135200000,18.103910715458486,18.62358500385842
1690156800000,17.721010005762903,18.62921985747322
1690178400000,18.968558800648726,18.026546153209562
1690200000000,18.710450474381346,18.560344809975938
1690221600000,15.0759792606733,18.205800254044178
1690243200000,13.250217148534636,15.846057654024664
1690264800000,15.966961651517634,14.16713381411139
1690286400000,17.3052536937328,15.394914489242566
1690308000000,14.530489037210183,16.574042021481315
1690329600000,13.156732824910355,15.100010211405998
1690351200000,16.537289647741193,13.996542617361067
1690372800000,20.31683093384095,16.196060499750583
1690394400000,17.802839494289312,18.851728941264906
1690416000000,15.371847624766797,18.231291770138338
1690437600000,16.64442259207704,16.22175583803564
1690459200000,17.50218424993508,16.3014575253414
1690480800000,16.496816518810657,17.17089619712224
1690502400000,16.609343503252507,16.813028288564787
1690524000000,19.192053092153447,16.903508893828047
1690545600000,21.46283997907774,18.74061846354651
1690567200000,19.377758922433493,20.56543473074012
1690588800000,17.617026613190042,19.845565540044316
1690610400000,19.254110549824777,18.27082348268233
1690632000000,20.203947042654914,18.806343642166144
1690653600000,17.881458620280153,19.726654051937654
1690675200000,15.337840493360757,18.260353105906756
1690696800000,17.34413502907494,16.192119869273608
1690718400000,19.806847139707482,17.179637351231268
1690740000000,15.456376162188793,18.333835688649163
1690761600000,16.243367996630116,16.94048927979561
1690783200000,16.719144967763544,16.08663320780398
1690804800000,17.66188625727799,16.856976407099108
1690826400000,16.765293473488306,17.18091919866321
1690848000000,15.249477902351067,16.75342932360911
1690869600000,17.484767235410942,15.972818642331843
1690891200000,17.015976740832713,16.7739113019791
1690912800000,15.161450886786133,17.011019829421016
1690934400000,15.232682546776537,15.607652179778569
1690956000000,18.946562632392435,15.672406262710314
1690977600000,19.767916744071844,17.955322813303134
1690999200000,16.84958263507164,19.263435688034733
1691020800000,15.610719980751362,17.557578545763977
1691042400000,16.656241976228873,16.00398370158005
1691064000000,17.27591355761191,16.535816372685762
1691085600000,14.558052586035222,16.67692248743578
1691107200000,13.227421584882235,15.08622387636674
1691128800000,16.77859398913194,14.019654801636126
1691150400000,18.812947418257508,16.14557958027673
1691172000000,15.515019839070893,17.925795831576725
1691193600000,13.641250021575189,16.137691524891228
1691215200000,18.092374802432463,14.858450887595602
1691236800000,16.3005079597658,16.382612627550476
1691258400000,14.809000896033188,16.753377048393638
1691280000000,13.690712428033203,14.978565261875875
1691301600000,13.560249163293799,13.99999755765362
1691323200000,13.085231129348253,13.537611745865306
1691344800000,11.988273267658332,13.03906614141058
1691366400000,11.524829410769687,12.252676576998399
1691388000000,14.623448165138264,11.987437198036595
1691409600000,18.124522024649632,14.30994986053097
1691431200000,14.473662585941273,16.642419092438075
1691452800000,12.598474823641798,15.260174810637407
1691474400000,16.083329850470115,13.679825784369319
1691496000000,17.06274569741666,15.161869484081603
1691517600000,14.404969294666746,16.365841416587607
1691539200000,13.865496230642863,15.24976620252224
1691560800000,18.59596978094345,14.66832056619171
1691582400000,20.910735522296495,17.454558190048587
1691604000000,15.551622175632563,19.60209923937805
1691625600000,11.881374343196452,16.540553221626887
1691647200000,20.684516769069813,14.259515389343594
1691668800000,22.856134880754283,18.290074083141814
1691690400000,18.494105226314357,21.77714373493752
1691712000000,17.030515651647086,19.441119179285273
1691733600000,26.78034770219846,18.981516003907473
1691755200000,27.95334199237744,24.058990024384997
1691776800000,22.234384489736662,26.92196213332633
1691798400000,19.264293366307104,23.524025310749
1691820000000,20.534314283053877,20.07043150851601
1691841600000,21.669714357373717,20.21907066872256
1691863200000,18.417153117849914,20.924609456743514
1691884800000,15.740952700500998,19.128102313705355
1691906400000,21.067861088535242,17.29716504048385
1691928000000,23.155319209086866,19.689369857361044
1691949600000,18.487524438123454,21.973621014664346
1691971200000,14.70260433845823,19.29752966135155
1691992800000,22.45188073745447,16.91065942673456
1692014400000,25.50149683207398,20.56817092513082
1692036000000,22.31455667873373,24.26949451481589
1692057600000,19.911925561246814,23.00163493957137
1692079200000,22.267580092899383,20.766438564660653
1692100800000,24.912731727561855,21.89094539393757
1692122400000,20.3889954064225,23.659986362919373
1692144000000,17.072968251922276,21.20731718657708
1692165600000,19.029518861654278,18.207542650530105
1692187200000,22.023891614692452,19.00706526629608
1692208800000,19.32353146870931,20.754567977280644
1692230400000,17.13526846392511,19.813762934883137
1692252000000,17.35219717523915,17.68294615133806
1692273600000,19.914483468733735,17.676975415961984
1692295200000,18.22036347911073,18.962579557471408
1692316800000,16.44013067913135,18.46523148194889
1692338400000,20.264470409530347,17.220920431285275
1692360000000,27.07703825903616,20.338358815351725
1692381600000,23.89969445788671,24.820845174510577
1692403200000,24.10963165072869,24.854377290061244
1692424800000,26.602207075483918,24.351304475725346
1692446400000,24.189082387097198,25.416667945402907
1692468000000,20.661656711135393,24.510418567641537
1692489600000,17.969277644017982,21.36371945259266
1692511200000,24.37830108190041,19.587179573556234
1692532800000,26.571278662908647,22.801775381778217
1692554400000,21.537745286468876,25.365345529667064
1692576000000,18.174792767766125,22.479121845567235
1692597600000,24.02340953830091,19.98930901532982
1692619200000,25.362005979494942,22.468131805521903
1692640800000,20.06569985379352,24.299180793284176
1692662400000,16.847488743918284,21.13543219156034
1692684000000,23.46392343675682,18.777770197779912
1692705600000,24.17045975683929,21.452728466743537
1692727200000,18.788613307047807,23.282650879052845
1692748800000,14.928369355181804,19.755654881572166
1692770400000,24.733662101758352,17.615076720764364
1692792000000,25.814935686594264,21.869923163774917
1692813600000,20.775505399086263,24.879010052647093
1692835200000,18.242474251622046,21.843149219439642
1692856800000,25.10470176241053,20.16317066791761
1692878400000,20.294427719530507,21.956941866735267
1692900000000,18.31975924221794,21.622584884726415
1692921600000,18.08335918611353,18.85965397483424
1692943200000,19.597635642826905,18.43279993364785
1692964800000,21.192988928696863,19.406652796338175
1692986400000,18.352008414049397,20.196517350779242
1693008000000,13.798269864212202,18.470655746428093
1693029600000,19.225180508000907,16.005967260900896
1693051200000,20.525739951042105,17.76809374571046
1693072800000,16.838815084376133,19.680582582701618
1693094400000,15.140658578577893,17.71090371108792
1693116000000,17.641873620715142,15.89425808746746
1693137600000,17.98305843308655,17.00200328970314
1693159200000,14.184986480594976,17.361396318689025
1693180800000,12.489869136858106,14.93945574621011
1693202400000,16.619885876065208,13.726930153399781
1693224000000,17.28247662043006,15.497372372468908
1693245600000,14.286159306241755,16.590794502344348
1693267200000,13.276252555767496,15.026690600211161
1693288800000,15.824787358193968,13.778753153562745
1693310400000,18.851236359318197,15.664920202173983
1693332000000,14.544234481371733,17.348911301334798
1693353600000,13.657540058432366,15.637273460601705
1693375200000,15.646421058677102,14.302863394023483
1693396800000,15.114816373651388,14.851131314522242
1693418400000,12.937168182685362,14.854454086338766
1693440000000,11.512415141788441,13.439755703871112
1693461600000,17.171352722690617,12.879397720521753
1693483200000,17.968701805586406,15.584874149950325
1693504800000,14.532321667013909,17.202830177600323
1693526400000,14.569477816671755,15.554882705659795
1693548000000,16.779831685119603,14.858775945534383
1693569600000,18.94527585080798,16.419696481635658
1693591200000,16.953432122965904,17.9795121230378
1693612800000,15.03995160451011,17.377172091650586
1693634400000,22.102875905526908,16.611547119137438
1693656000000,23.337024378666957,20.14186407918966
1693677600000,18.13545859248417,22.39494134190686
1693699200000,14.971337800834611,19.20801885982504
1693720800000,19.75186054091107,16.445143792862282
1693742400000,21.96914680101718,18.696797894355946
1693764000000,16.67448371514342,20.755781147414282
1693785600000,13.097609373760303,17.67017842693536
1693807200000,22.693906023189637,15.56218925713497
1693828800000,24.7301687202358,19.92788241043027
1693850400000,20.608768838390073,23.641012139188916
1693872000000,16.520180078775763,21.334142764608565
1693893600000,26.46302034621848,19.20935012702655
1693915200000,30.132085101682843,23.990744709422874
1693936800000,21.002506889760916,27.870674968612676
1693958400000,16.158180959321356,22.73662440599622
1693980000000,26.69002432425475,24.335518672152624
1694001600000,28.17162926035716,27.356307542015337
1694023200000,21.723320325215656,27.233781321405267
1694044800000,17.087293669494272,22.898730195156215
1694066400000,26.19272282169377,19.783296103067165
1694088000000,28.615901278417176,23.750380320711795
1694109600000,21.604258006676694,27.04904225635449
1694131200000,17.842346341252277,23.05724382300881
1694152800000,28.043240178298632,20.454517513488668
1694174400000,28.765248365569533,24.989003411709714
1694196000000,22.268050584179615,27.750296173637473
1694217600000,18.391201052749366,23.637522551648896
1694239200000,27.492008947788324,20.862787378162967
1694260800000,28.554771804333328,24.800024751717977
1694282400000,22.670092974689073,27.578585764917616
1694304000000,19.58445716003826,23.925862312316895
1694325600000,28.66231924310364,21.741312802186485
1694347200000,29.250740220970975,25.9330870095351
1694368800000,23.849162199742214,28.575209157110358
1694390400000,21.437235666496512,24.95227715405406
1694412000000,28.067978967392325,23.172824113265328
1694433600000,27.490051622478386,26.06459833525974
1694455200000,21.525523769726032,26.85588530410601
1694476800000,17.87974450661923,22.63322094827268
1694498400000,22.745370529448877,19.594237881296362
1694520000000,23.071812747614327,21.39084398019483
1694541600000,17.425269292609933,22.024956204439064
1694563200000,17.252446165060938,19.12001996211639
1694584800000,18.07575903488251,16.995543271636308
1694606400000,17.381554997156538,17.522197443739813
1694628000000,14.805783643857977,17.344915488011257
1694649600000,11.800914319011325,15.077658571231341
1694671200000,18.241583010987167,13.675285412194533
1694692800000,19.234603491442943,16.390864243184712
1694714400000,14.21483790366572,18.30316638866861
1694736000000,11.063681509660102,15.20385347970247
1694757600000,20.678908931282827,13.460585087861434
1694779200000,22.039903347553963,17.9356547728517
1694800800000,16.46445779553432,20.984047714430986
1694822400000,14.167069520297552,17.738639203193042
1694844000000,23.65940780472477,16.18876213838263
1694865600000,23.766767912313522,20.79343321449927
1694887200000,19.68769944062707,23.372669205629737
1694908800000,18.042897655452006,20.543797155968228
1694930400000,23.543609523534176,19.308328606231868
1694952000000,24.39554726755029,22.018314424277442
1694973600000,20.402495962635317,23.673217039658013
1694995200000,19.29238532200991,21.400359561668402
1695016800000,20.871447263604516,19.590720647558534
1695038400000,21.9548909554605,20.79635744883602
1695060000000,15.690611066475647,20.647108407845174
1695081600000,13.839840579451176,17.258486299586476
1695103200000,16.077144573783954,14.647769553761975
1695124800000,18.29101417079599,15.807024439292064
1695146400000,16.876761590692222,17.477543710118002
1695168000000,16.561193847018874,17.235152771996773
1695189600000,19.1789713383916,17.007011800780333
1695211200000,21.748459780923305,18.860041461393248
1695232800000,19.51029840945799,20.59480731568938
1695254400000,19.194784463995582,20.19739760173393
1695276000000,19.231712001905706,19.240659806164683
1695297600000,16.90315474066891,18.85392201408167
1695319200000,13.977591105812976,17.188786552065896
1695340800000,12.438478700402882,14.491120939963842
1695362400000,15.681547391982306,13.279299790996657
1695384000000,14.610179225620344,14.683279975208835
1695405600000,11.308334441810423,14.572669316055183
1695427200000,10.65190761649021,12.044586513474671
1695448800000,13.319742989918542,11.16023161616441
1695470400000,16.042625437564666,13.060409764175954
1695492000000,12.080577250809698,14.670450597777403
1695513600000,9.848853024026207,12.913768143283395
1695535200000,17.130053035398273,11.555503147287775
1695556800000,18.83616890664288,15.155907889057818
1695578400000,12.81565216728918,17.57829826278495
1695600000000,9.768563517153812,14.088737657494413
1695621600000,19.546757518000273,12.106138800618643
1695643200000,20.9544551964093,16.85104184999203
1695664800000,14.42426169212523,19.68466009338481
1695686400000,11.660200738070303,15.929007593950034
1695708000000,21.33399810799023,13.91345911122089
1695729600000,22.276440818805742,18.563616100907225
1695751200000,17.1476956258342,21.409051022732765
1695772800000,13.340075727493044,17.96890471951605
1695794400000,20.549147746517146,15.31748058204364
1695816000000,23.580362909519383,18.930496315410362
1695837600000,20.41314797816069,22.396929332643847
1695859200000,19.101142575895114,21.175747288841297
1695880800000,19.134834412194493,19.582907053661426
1695902400000,21.020826008285994,19.397091353248335
1695924000000,18.158435926744243,19.877211815833647
1695945600000,18.538607535206882,19.06990521175222
1695967200000,21.207579691607254,18.882595192121283
1695988800000,18.025745613333974,19.950896036853965
1696010400000,14.533051177274215,18.50787595798298
1696032000000,11.875308714414897,15.092352714554508
1696053600000,17.14151395910864,13.361560801615193
1696075200000,17.7053355573114,15.613343953488764
1696096800000,12.788454866847498,16.88711088303237
1696118400000,13.945741532340882,14.409024833736563
1696140000000,20.823476888183365,14.537538988150052
1696161600000,23.214850662346173,19.241572521085427
1696183200000,19.51128153516018,22.0468975908827
1696204800000,18.817385008261418,20.537373868644288
1696226400000,23.813552576796454,19.62994180327171
1696248000000,25.231115004970516,22.582494681540787
1696269600000,21.06627929180786,24.20965626285588
1696291200000,21.278081640563812,22.44639658310459
1696312800000,17.820046728814553,20.685477828820147
1696334400000,15.751491415968713,18.551276301779943
1696356000000,12.6272952327553,15.762634326342054
1696377600000,11.069077408901332,13.274333682972486
1696399200000,14.91749526384779,12.084738854875939
1696420800000,15.660670990732777,13.835705777855843
1696442400000,13.200296046890278,15.167359849074572
1696464000000,12.08374419805898,13.743249710739505
1696485600000,13.613741898596436,12.571028201900727
1696507200000,15.664602942534458,13.60282177554635
1696528800000,13.030691270342247,14.62777949216073
1696550400000,11.920278698579411,13.610469967101949
1696572000000,16.53366101973238,12.855067757038444
1696593600000,17.436736313255825,15.306589493446143
1696615200000,14.505279758268065,16.896281759143875
1696636800000,13.588066769286828,15.159074805345384
1696658400000,16.833848851580285,14.130372606790983
1696680000000,20.611197811305324,16.667702905310435
1696701600000,18.094955661043887,19.253748015751913
1696723200000,15.868437988609635,18.445565426543922
1696744800000,19.014757383039022,16.807242736880145
1696766400000,21.008823868824027,18.458088497968145
1696788000000,17.76757156241408,20.011896119878603
1696809600000,17.126418328026283,18.660637873854355
1696831200000,18.476825104620225,17.344301508980784
1696852800000,19.697219451700253,18.36325347428535
1696874400000,15.976530794819912,18.886558009770784
1696896000000,14.768823440733486,16.786207825182075
1696917600000,19.731878942935683,15.717731928285788
1696939200000,22.321565547414583,18.79849181688196
1696960800000,19.628668093651445,21.331601804836097
1696982400000,17.943799161472814,20.14148672242511
1697004000000,21.30426663882352,18.84198030473395
1697025600000,22.356653908024665,20.510766167305782
1697047200000,19.76338351400275,21.76861252382385
1697068800000,16.697276301451694,19.99821063928437
1697090400000,16.42758061672711,17.399662143704088
1697112000000,16.240207404022726,16.39883195547233
1697133600000,16.89102783856436,16.55741862724897
1697155200000,17.859465928105582,16.807652805682114
1697176800000,21.45075387484647,18.056182426318788
1697198400000,21.401105661456004,20.400322164580174
1697220000000,19.436617994666996,21.350200563046766
1697241600000,13.596122515430626,19.14384080493261
1697263200000,12.786980980467806,15.052383934161277
1697284800000,11.108491829463414,12.631028204035939
1697306400000,8.342956306541971,11.331245556212307
1697328000000,6.723516514426784,8.80886447379862
1697349600000,8.175388626187866,7.396115610772805
1697371200000,8.834227003648865,7.915376789289011
1697392800000,5.772011854893582,8.14631267976243
1697414400000,3.4123923599271846,6.248171297629475
1697436000000,9.223849752592661,4.789362977521063
1697457600000,10.072424883830518,7.5955537460999585
1697479200000,6.879338432573336,9.67068672698044
1697500800000,5.8322550868031975,7.626125987609825
1697522400000,8.2140882470545,6.247022108308351
1697544000000,11.02438433765867,8.078261976552787
1697565600000,7.52548393012089,9.815494842099067
1697587200000,6.285094878030201,8.358320316475634
1697608800000,12.037843919138961,7.298191173333572
1697630400000,15.176371459275758,10.899953479256945
1697652000000,13.860066789533063,14.228215521539164
1697673600000,15.019697125195062,14.415113478973694
1697695200000,16.895101189513753,14.897268453038725
1697716800000,16.241008609956566,16.196697408394108
1697738400000,15.185105867951536,16.362294966714423
1697760000000,14.102699851432043,15.290875640030992
1697781600000,14.405839179890696,14.488539780988829
1697803200000,13.955003937268128,14.270331668495086
1697824800000,13.367165790564234,13.996297131206159
1697846400000,13.440743647123638,13.513311071403841
1697868000000,14.884039744199468,13.636674206557629
1697889600000,14.40220053018355,14.391790646391515
1697911200000,13.285479224913301,14.458174647344782
1697932800000,11.85739759375079,13.404362363026554
1697954400000,10.928617647915157,11.995165134133552
1697976000000,13.068498604678071,11.630824931183753
1697997600000,11.377265379243626,12.21264190084255
1698019200000,8.97588731113233,11.53154076271089
1698040800000,11.023466941208868,9.846537748175855
1698062400000,11.402307082537122,10.37967226280206
1698084000000,11.674150490422196,11.444665342743633
1698105600000,11.665451832112536,11.589296962245458
1698127200000,11.819277447467062,11.760317782511189
1698148800000,10.862924051076565,11.817353240267158