Time	TempSupPrim						
0	291.8417438						
10800	291.731215						
21600	291.65						
32400	291.65						
43200	291.65						
54000	291.65						
64800	291.6291519						
75600	291.5499996						
86400	291.5063862						
97200	291.4499992						
108000	291.4499992						
118800	291.5350463						
129600	291.7674012						
140400	292.0111146						
151200	292.1291756						
162000	292.1358992						
172800	292.0374905						
183600	291.9190026						
194400	291.8491399						
205200	291.8767487						
216000	292.1270114						
226800	292.2837911						
237600	292.1802879						
248400	292.0269005						
259200	291.9571318						
270000	291.9781491						
280800	291.9418699						
291600	292.0305611						
302400	279.3282171						
313200	282.3059943						
324000	285.6141469						
334800	287.6626619						
345600	288.9603175						
356400	289.7810121						
367200	290.2850828						
378000	290.6825868						
388800	291.0846982						
399600	284.6085015						
410400	284.9167147						
421200	287.1928263						
432000	288.6560258						
442800	289.5267794						
453600	290.0126444						
464400	290.4090942						
475200	290.8727109						
486000	291.3062997						
496800	291.571377						
507600	291.6499278						
518400	291.5980228						
529200	291.5175768						
540000	291.4091629						
550800	291.363219						
561600	291.5162128						
572400	291.7138851						
583200	291.8179143						
594000	291.8500008						
604800	291.8500008						
615600	291.8500008						
626400	291.7764074						
637200	291.7500004						
648000	291.7802599						
658800	291.8500008						
669600	291.7456213						
680400	291.6019479						
691200	291.4690058						
702000	291.3237416						
712800	291.249712						
723600	291.2368159						
734400	291.325505						
745200	291.3427228						
756000	290.1850826						
766800	289.6944842						
777600	289.3381516						
788400	289.300649						
799200	289.4821603						
810000	289.6776505						
820800	289.9376162						
831600	289.1909741						
842400	288.7248924						
853200	288.4042591						
864000	288.308411						
874800	288.5697707						
885600	288.8494987						
896400	289.1306034						
907200	289.4650929						
918000	289.8111033						
928800	290.0339794						
939600	290.1445559						
950400	290.0619796						
961200	289.9824994						
972000	289.8703007						
982800	289.8674106						
993600	290.0002503						
1004400	290.1321633						
1015200	290.15						
1026000	290.1079511						
1036800	290.0499996						
1047600	289.9615322						
1058400	289.9375802						
1069200	289.935919						
1080000	290.0036685						
1090800	290.0499996						
1101600	290.0499996						
1112400	290.0499996						
1123200	290.0499996						
1134000	290.0499996						
1144800	290.0707314						
1155600	290.1738874						
1166400	290.3648202						
1177200	289.7669729						
1188000	289.3797604						
1198800	289.2283748						
1209600	289.1497882						
1220400	289.510593						
1231200	289.7997174						
1242000	290.0843902						
1252800	290.4397884						
1263600	290.7780259						
1274400	290.9800841						
1285200	291.0824856						
1296000	291.15						
1306800	291.1497881						
1317600	291.062871						
1328400	290.9260593						
1339200	290.6809761						
1350000	290.7486595						
1360800	290.7613866						
1371600	290.7500004						
1382400	290.7318634						
1393200	290.6295759						
1404000	290.5499996						
1414800	290.5611347						
1425600	290.7091393						
1436400	290.8336409						
1447200	290.8053629						
1458000	290.7254426						
1468800	290.6484419						
1479600	290.5586922						
1490400	290.5499996						
1501200	290.5499996						
1512000	290.615014						
1522800	290.7500004						
1533600	290.7403184						
1544400	290.6118373						
1555200	290.5184317						
1566000	290.4197803						
1576800	290.3024017						
1587600	290.2757955						
1598400	290.5156049						
1609200	290.7687019						
1620000	290.7964317						
1630800	290.7039606						
1641600	290.5490809						
1652400	290.3846075						
1663200	290.2790965						
1674000	290.2500004						
1684800	290.4137199						
1695600	290.574028						
1706400	290.560247						
1717200	290.4181495						
1728000	290.2712575						
1738800	290.145265						
1749600	289.8979183						
1760400	289.6549505						
1771200	289.4355122						
1782000	289.2212776						
1792800	289.0314002						
1803600	288.8146893						
1814400	288.7500004						
1825200	288.7500004						
1836000	288.782133						
1846800	288.8827891						
1857600	289.0937499						
1868400	289.396206						
1879200	289.5085769						
1890000	289.6104601						
1900800	289.6846557						
1911600	289.7500004						
1922400	289.7500004						
1933200	289.7500004						
1944000	289.8815609						
1954800	289.9499992						
1965600	289.9499992						
1976400	289.9075669						
1987200	289.8475352						
1998000	289.7507969						
2008800	289.6911298						
2019600	289.7461514						
2030400	289.865336						
2041200	289.9499992						
2052000	289.9502044						
2062800	289.9183291						
2073600	289.8421321						
2084400	289.7344417						
2095200	289.6389685						
2106000	289.6033806						
2116800	289.7104734						
2127600	289.7633914						
2138400	289.822715						
2149200	289.7500004						
2160000	289.7500004						
2170800	289.7500004						
2181600	289.7077497						
2192400	289.6590845						
2203200	289.6661018						
2214000	289.660433						
2224800	289.6113426						
2235600	289.6018726						
2246400	289.5424217						
2257200	289.5222571						
2268000	289.4474461						
2278800	289.4426443						
2289600	289.4080211						
2300400	289.3407099						
2311200	289.3285014						
2322000	289.3388109						
2332800	289.2670338						
2343600	289.2458337						
2354400	289.2396677						
2365200	289.207224						
2376000	289.2516977						
2386800	289.3236029						
2397600	289.3003887						
2408400	289.2477357						
2419200	289.249081						
2430000	289.1700849						
2440800	289.15						
2451600	289.1490092						
2462400	289.1071734						
2473200	289.0837577						
2484000	289.04759						
2494800	289.0497159						
2505600	289.044558						
2516400	288.9507803						
2527200	288.9287987						
2538000	288.8680774						
2548800	288.8975269						
2559600	288.9639107						
2570400	288.9988951						
2581200	288.9492206						
2592000	288.8866737						
2602800	288.8498581						
2613600	288.7572241						
2624400	288.7004362						
2635200	288.7756896						
2646000	288.9142389						
2656800	288.9639333						
2667600	288.9175833						
2678400	288.8493495						
2689200	288.8496372						
2700000	288.8489868						
2710800	288.7991893						
2721600	288.8987771						
2732400	288.9802472						
2743200	288.7954794						
2754000	288.6391763						
2764800	288.5267187						
2775600	288.5468045						
2786400	288.5320964						
2797200	288.3900483						
2808000	288.3744317						
2818800	288.3115819						
2829600	288.1793786						
2840400	288.044318						
2851200	287.9370057						
2862000	287.8573445						
2872800	287.7886365						
2883600	287.774294						
2894400	287.8085228						
2905200	287.7206217						
2916000	287.6533898						
2926800	287.6556818						
2937600	287.65						
2948400	287.6045453						
2959200	287.563559						
2970000	287.5754234						
2980800	287.7727273						
2991600	288.0933691						
3002400	287.9879746						
3013200	287.9879746						
3024000	287.9879746						
3034800	287.9879746						
3045600	287.9879746						
3056400	287.8916666						
3067200	288.0095374						
3078000	288.0346818						
3088800	287.9695966						
3099600	288.1153178						
3110400	288.1520231						
3121200	288.2462213						
3132000	288.3208092						
3142800	288.4010086						
3153600	288.5647397						
3164400	286.6965318						
3175200	288.6395953						
3186000	288.5109825						
3196800	288.4471183						
3207600	288.3800577						
3218400	288.3575143						
3229200	288.4413296						
3240000	288.6104045						
3250800	288.6502882						
3261600	288.7777459						
3272400	288.8499998						
3283200	288.7199424						
3294000	288.6057802						
3304800	288.5188759						
3315600	288.538235						
3326400	288.3599136						
3337200	288.3650288						
3348000	288.3257225						
3358800	288.1982661						
3369600	288.0921963						
3380400	288.003314						
3391200	287.9271677						
3402000	287.8705201						
3412800	287.851734						
3423600	287.8361271						
3434400	287.7831414						
3445200	287.7765898						
3456000	287.7546245						
3466800	287.6763007						
3477600	287.5742772						
3488400	287.465562						
3499200	287.3832369						
3510000	287.2959539						
3520800	287.227746						
3531600	287.1855493						
3542400	287.1756485						
3553200	287.1106935						
3564000	287.1245664						
3574800	287.2910406						
3585600	287.4234105						
3596400	287.5082131						
3607200	287.4450867						
3618000	287.3390173						
3628800	287.3552022						
3639600	287.384682						
3650400	287.4309798						
3661200	287.6265895						
3672000	287.7345482						
3682800	287.9982658						
3693600	288.3170521						
3704400	288.5713871						
3715200	288.7180118						
3726000	288.8037573						
3736800	288.8499998						
3747600	289.0332369						
3758400	289.3335262						
3769200	289.5412532						
3780000	289.4802588						
3790800	289.3494227						
3801600	289.2566478						
3812400	289.2424859						
3823200	289.2194527						
3834000	289.2667634						
3844800	289.5072249						
3855600	289.2639944						
3866400	289.0398842						
3877200	288.8476879						
3888000	288.5834293						
3898800	288.3789017						
3909600	288.1997111						
3920400	288.1410404						
3931200	288.0657267						
3942000	288.0116278						
3952800	287.8881503						
3963600	287.7245666						
3974400	287.6205201						
3985200	287.6491329						
3996000	287.6485591						
4006800	287.8219655						
4017600	288.1398844						
4028400	288.4910404						
4039200	288.7543353						
4050000	288.9369943						
4060800	289.0499996						
4071600	289.1052021						
4082400	289.134971						
4093200	289.0499996						
4104000	289.1202311						
4114800	289.15						
4125600	289.0505777						
4136400	288.9413296						
4147200	288.8248554						
4158000	288.6861273						
4168800	288.587283						
4179600	281.7384726						
4190400	283.2924855						
4201200	284.483526						
4212000	282.3855491						
4222800	283.8413295						
4233600	285.0119597						
4244400	286.0104046						
4255200	286.6339285						
4266000	287.3166667						
4276800	287.1505763						
4287600	286.2506173						
4298400	286.9869942						
4309200	287.3479827						
4320000	287.9309249						
4330800	288.5898844						
4341600	289.2349711						
4352400	284.5982557						
4363200	283.4044668						
4374000	284.6396254						
4384800	285.3257925						
4395600	285.7021615						
4406400	285.843948						
4417200	285.9961094						
4428000	286.2916928						
4438800	279.1433718						
4449600	279.7445245						
4460400	280.8269453						
4471200	282.7886167						
4482000	284.079683						
4492800	284.9928161						
4503600	285.6399135						
4514400	286.1399136						
4525200	286.5981268						
4536000	286.9811238						
4546800	287.2543229						
4557600	287.3499998						
4568400	287.3505762						
4579200	287.2946687						
4590000	287.2353029						
4600800	287.1992797						
4611600	287.1425287						
4622400	287.1318443						
4633200	287.1404899						
4644000	287.0825646						
4654800	286.9883285						
4665600	286.9396255						
4676400	286.8499998						
4687200	286.8499998						
4698000	286.8499998						
4708800	286.8499998						
4719600	286.8499998						
4730400	286.8499998						
4741200	286.8727665						
4752000	286.9500002						
4762800	286.949712						
4773600	287.0312679						
4784400	287.329539						
4795200	287.611095						
4806000	287.7969742						
4816800	287.9344382						
4827600	288.0456769						
4838400	288.1306916						
4849200	288.15						
4860000	288.170173						
4870800	288.2756486						
4881600	288.3649855						
4892400	288.4500002						
4903200	288.4500002						
4914000	288.4500002						
4924800	288.3603447						
4935600	288.2989915						
4946400	288.2500004						
4957200	288.2500004						
4968000	288.3289017						
4978800	288.3182081						
4989600	288.2505767						
5000400	288.2061962						
5011200	288.15						
5022000	288.15						
5032800	288.15						
5043600	288.15						
5054400	288.2788185						
5065200	288.4233334						
5076000	288.4500002						
5086800	288.4500002						
5097600	288.4500002						
5108400	288.4500002						
5119200	288.4500002						
5130000	288.4500002						
5140800	288.4500002						
5151600	288.4500002						
5162400	288.4500002						
5173200	288.4500002						
5184000	288.4500002						
5194800	288.4500002						
5205600	288.4049133						
5216400	288.3499998						
5227200	288.367919						
5238000	288.4286745						
5248800	288.3499998						
5259600	288.3499998						
5270400	288.3499998						
5281200	288.3499998						
5292000	288.285735						
5302800	288.2500004						
5313600	288.2995678						
5324400	288.3745664						
5335200	288.5044667						
5346000	288.6517291						
5356800	288.7670523						
5367600	288.8499998						
5378400	288.8499998						
5389200	288.8499998						
5400000	288.8499998						
5410800	288.7953758						
5421600	288.6917869						
5432400	288.5860228						
5443200	288.4606938						
5454000	288.3819884						
5464800	288.3499998						
5475600	288.3223343						
5486400	288.3488471						
5497200	288.3499998						
5508000	288.3499998						
5518800	288.3499998						
5529600	288.3034683						
5540400	288.2672913						
5551200	288.2500004						
5562000	288.2635841						
5572800	288.3497116						
5583600	288.3499998						
5594400	288.3499998						
5605200	288.3499998						
5616000	288.3499998						
5626800	288.3499998						
5637600	288.3499998						
5648400	288.3499998						
5659200	288.3499998						
5670000	288.3499998						
5680800	288.3499998						
5691600	288.3499998						
5702400	288.3499998						
5713200	288.3499998						
5724000	288.3773774						
5734800	288.4500002						
5745600	288.4500002						
5756400	288.4500002						
5767200	288.5318441						
5778000	288.6208933						
5788800	288.6921967						
5799600	288.8036024						
5810400	288.8759365						
5821200	288.9765896						
5832000	289.0802591						
5842800	289.15						
5853600	289.15						
5864400	289.1511561						
5875200	289.2321329						
5886000	289.2407784						
5896800	289.1716764						
5907600	289.15						
5918400	289.15						
5929200	289.1427954						
5940000	289.0499996						
5950800	289.0494233						
5961600	289.0499996						
5972400	288.9962427						
5983200	289.0877523						
5994000	289.4404624						
6004800	289.7842942						
6015600	290.1010085						
6026400	290.1083813						
6037200	290.0353022						
6048000	289.9499992						
6058800	289.9053313						
6069600	289.85607						
6080400	289.8404906						
6091200	289.8500008						
6102000	289.923121						
6112800	289.9499992						
6123600	289.921676						
6134400	289.8548998						
6145200	289.8517348						
6156000	289.9194522						
6166800	289.9509309						
6177600	290.055952						
6188400	290.1505797						
6199200	290.2462431						
6210000	290.2563772						
6220800	290.2736999						
6231600	290.2908701						
6242400	290.2731219						
6253200	290.2439134						
6264000	290.2681561						
6274800	290.3001455						
6285600	290.2514455						
6296400	290.194348						
6307200	290.0982657						
6318000	290.0499996						
6328800	289.9821733						
6339600	289.9499992						
6350400	289.9499992						
6361200	289.9497102						
6372000	289.9502891						
6382800	290.0358377						
6393600	290.0497098						
6404400	290.0861269						
6415200	290.1497101						
6426000	290.149711						
6436800	290.2187864						
6447600	290.3421746						
6458400	290.3485557						
6469200	290.2557975						
6480000	290.2500004						
6490800	290.2500004						
6501600	290.2046245						
6512400	290.15						
6523200	290.1497101						
6534000	290.15						
6544800	290.1030433						
6555600	290.0499996						
6566400	290.0332365						
6577200	289.9499992						
6588000	289.9499992						
6598800	289.9499992						
6609600	290.0166662						
6620400	290.0499996						
6631200	290.0499996						
6642000	290.0479765						
6652800	289.9502883						
6663600	289.9334778						
6674400	289.8500008						
6685200	289.8500008						
6696000	289.9312134						
6706800	289.9499992						
6717600	289.9499992						
6728400	289.9378255						
6739200	289.8500008						
6750000	289.8500008						
6760800	289.9130056						
6771600	289.9499992						
6782400	289.9499992						
6793200	289.9499992						
6804000	289.8942197						
6814800	289.8500008						
6825600	289.8485515						
6836400	289.8500008						
6847200	289.8500008						
6858000	289.8500008						
6868800	289.8500008						
6879600	289.8500008						
6890400	289.9224634						
6901200	289.9499992						
6912000	289.9499992						
6922800	289.9499992						
6933600	289.9499992						
6944400	287.6004344						
6955200	286.0127167						
6966000	284.8430435						
6976800	285.5653179						
6987600	286.6566667						
6998400	287.3436416						
7009200	287.8111595						
7020000	288.1274566						
7030800	288.3662319						
7041600	288.5546241						
7052400	288.7182083						
7063200	288.8827536						
7074000	288.9867052						
7084800	289.0499996						
7095600	289.0499996						
7106400	289.0499996						
7117200	289.0810142						
7128000	289.15						
7138800	289.1934784						
7149600	289.2500004						
7160400	289.2500004						
7171200	289.2500004						
7182000	289.2500004						
7192800	289.2453627						
7203600	288.9066474						
7214400	289.3894203						
7225200	289.6225145						
7236000	289.74422						
7246800	289.7500004						
7257600	289.857515						
7268400	289.8757975						
7279200	289.8316333						
7290000	289.7162724						
7300800	289.7711599						
7311600	289.9213869						
7322400	289.8926088						
7333200	289.7606941						
7344000	289.5841038						
7354800	289.296087						
7365600	289.1739885						
7376400	289.4033333						
7387200	289.6011559						
7398000	289.7630439						
7408800	289.5271672						
7419600	289.3827539						
7430400	289.3034688						
7441200	289.2436235						
7452000	289.2838155						
7462800	289.4499992						
7473600	289.5021733						
7484400	289.6945088						
7495200	289.6879712						
7506000	289.4682074						
7516800	289.3826592						
7527600	289.2821744						
7538400	289.2994224						
7549200	289.6285506						
7560000	290.0054911						
7570800	289.8923189						
7581600	289.5057798						
7592400	289.3589601						
7603200	289.2401453						
7614000	289.086127						
7624800	288.9346377						
7635600	288.850867						
7646400	288.746532						
7657200	288.6589855						
7668000	288.5771674						
7678800	288.4871014						
7689600	288.3852601						
7700400	288.3072255						
7711200	288.2421742						
7722000	288.1589596						
7732800	288.1282608						
7743600	288.0809246						
7754400	288.0473985						
7765200	288.0749273						
7776000	288.230347						
7786800	288.4007246						
7797600	288.5713872						
7808400	288.65						
7819200	288.65						
7830000	287.5068702						
7840800	288.3749274						
7851600	288.3815028						
7862400	288.4013044						
7873200	288.399711						
7884000	288.452029						
7894800	288.519942						
7905600	288.6163767						
7916400	288.65						
7927200	288.7919454						
7938000	288.7369946						
7948800	288.6719654						
7959600	288.6494203						
7970400	288.7335261						
7981200	288.8917391						
7992000	288.9878612						
8002800	289.119855						
8013600	289.1257225						
8024400	289.0277454						
8035200	288.9691305						
8046000	288.9502892						
8056800	289.0027535						
8067600	289.0832367						
8078400	289.2485511						
8089200	289.5364159						
8100000	289.7482663						
8110800	289.8488413						
8121600	289.7936422						
8132400	289.7334786						
8143200	289.7245668						
8154000	289.6604047						
8164800	289.7908701						
8175600	289.7297691						
8186400	289.6346376						
8197200	289.5300573						
8208000	289.4071013						
8218800	289.2809253						
8229600	289.1560694						
8240400	289.0201448						
8251200	288.8865217						
8262000	288.7606938						
8272800	288.6002888						
8283600	288.4251445						
8294400	288.2195653						
8305200	288.0315028						
8316000	287.8615607						
8326800	287.7416188						
8337600	287.6739885						
8348400	287.7334786						
8359200	287.8369941						
8370000	287.9170521						
8380800	288.0300575						
8391600	288.0621384						
8402400	288.3115607						
8413200	288.7613044						
8424000	289.19711						
8434800	289.5328983						
8445600	289.8517343						
8456400	289.9682074						
8467200	289.9303464						
8478000	289.6751446						
8488800	289.6644928						
8499600	289.8268793						
8510400	290.0190747						
8521200	290.2228326						
8532000	290.283044						
8542800	290.1609827						
8553600	289.9901728						
8564400	289.9147397						
8575200	289.849421						
8586000	289.8662323						
8596800	289.978197						
8607600	290.0499996						
8618400	290.0221734						
8629200	289.9491322						
8640000	289.9302894						
8650800	289.8734108						
8661600	289.8323195						
8672400	289.7779002						
8683200	289.7415946						
8694000	289.6424855						
8704800	289.5546373						
8715600	289.4595371						
8726400	289.3436238						
8737200	289.2485553						
8748000	289.1566667						
8758800	289.1436416						
8769600	289.0410142						
8780400	288.9945086						
8791200	288.9444929						
8802000	288.8043353						
8812800	288.6960871						
8823600	288.7413298						
8834400	288.6952176						
8845200	288.6768787						
8856000	288.6021737						
8866800	288.518786						
8877600	288.3673912						
8888400	288.2765898						
8899200	288.1688407						
8910000	288.0881501						
8920800	288.1094202						
8931600	288.1329479						
8942400	288.1424855						
8953200	288.1375362						
8964000	288.0690748						
8974800	287.9769565						
8985600	287.8739884						
8996400	287.8234104						
9007200	287.854058						
9018000	287.9638728						
9028800	288.2155073						
9039600	288.2075147						
9050400	288.1830436						
9061200	288.1736995						
9072000	288.0846819						
9082800	287.9873913						
9093600	287.9907515						
9104400	288.2328986						
9115200	288.6442198						
9126000	288.5546377						
9136800	288.2921967						
9147600	288.1881504						
9158400	288.0728983						
9169200	287.9517342						
9180000	287.9282608						
9190800	288.2355491						
9201600	288.2211311						
9212400	288.3914202						
9223200	288.350578						
9234000	288.2827538						
9244800	288.1303468						
9255600	288.0572461						
9266400	288.1537572						
9277200	288.2375363						
9288000	288.633237						
9298800	288.7688406						
9309600	288.4997109						
9320400	288.4557805						
9331200	288.4656523						
9342000	288.4635839						
9352800	288.4763768						
9363600	288.7416184						
9374400	288.898116						
9385200	288.7583818						
9396000	288.9042029						
9406800	288.9604047						
9417600	288.9386957						
9428400	288.9283238						
9439200	288.8921965						
9450000	288.8566665						
9460800	288.8523187						
9471600	288.8739884						
9482400	288.8743477						
9493200	288.8612715						
9504000	288.8328985						
9514800	288.7852603						
9525600	288.740725						
9536400	288.7378264						
9547200	288.6141617						
9558000	288.5102898						
9568800	288.3234104						
9579600	288.3421964						
9590400	288.2186959						
9601200	288.1208091						
9612000	288.1073912						
9622800	288.3503059						
9633600	288.8569364						
9644400	289.2569368						
9655200	288.6511594						
9666000	288.502601						
9676800	288.4955072						
9687600	288.3812138						
9698400	288.3824637						
9709200	288.5702312						
9720000	289.1697102						
9730800	289.3965316						
9741600	288.7572464						
9752400	288.748555						
9763200	288.7659422						
9774000	288.6381502						
9784800	288.5392751						
9795600	288.8234545						
9806400	289.5107252						
9817200	289.9353829						
9828000	289.4331822						
9838800	289.067036						
9849600	288.9836354						
9860400	288.908711						
9871200	288.8966734						
9882000	289.0566464						
9892800	289.3059871						
9903600	289.742564						
9914400	289.4408204						
9925200	289.4014677						
9936000	289.3992188						
9946800	289.4229938						
9957600	289.4484337						
9968400	289.5923527						
9979200	289.9712889						
9990000	290.2627205						
10000800	289.9902338						
10011600	289.9222111						
10022400	290.0109371						
10033200	290.009295						
10044000	290.0060542						
10054800	289.9112523						
10065600	289.8163411						
10076400	289.7599614						
10087200	289.6957927						
10098000	289.6158202						
10108800	289.5629155						
10119600	289.4948135						
10130400	289.4228513						
10141200	289.355274						
10152000	289.34276						
10162800	289.2550785						
10173600	289.1312132						
10184400	289.1416016						
10195200	289.1760275						
10206000	289.1542969						
10216800	289.1439334						
10227600	289.211057						
10238400	289.1501953						
10249200	289.1353228						
10260000	289.0458982						
10270800	289.0053815						
10281600	288.9144531						
10292400	288.9740703						
10303200	289.0484371						
10314000	289.1012718						
10324800	289.2914068						
10335600	289.2411941						
10346400	289.2449123						
10357200	289.2644536						
10368000	289.1993153						
10378800	289.1466797						
10389600	289.1488258						
10400400	289.4265166						
10411200	289.5539163						
10422000	289.7076763						
10432800	290.1639419						
10443600	290.7400085						
10454400	290.6137205						
10465200	290.2122597						
10476000	289.9533442						
10486800	289.849166						
10497600	289.902706						
10508400	289.995158						
10519200	289.9658631						
10530000	289.9426964						
10540800	289.9611933						
10551600	289.9212621						
10562400	289.800125						
10573200	289.6910598						
10584000	289.8413576						
10594800	289.9534329						
10605600	290.1229129						
10616400	290.3979666						
10627200	290.516832						
10638000	290.5501656						
10648800	290.6343983						
10659600	290.7587898						
10670400	290.8862546						
10681200	290.7000447						
10692000	290.4539445						
10702800	290.3554646						
10713600	290.2143986						
10724400	290.0990877						
10735200	289.9823645						
10746000	289.9812857						
10756800	290.0423647						
10767600	290.0494846						
10778400	290.0211404						
10789200	289.9217793						
10800000	289.8337351						
10810800	289.7400418						
10821600	289.5280083						
10832400	289.397015						
10843200	289.2828588						
10854000	289.1395746						
10864800	288.7865752						
10875600	288.3888704						
10886400	288.0317651						
10897200	287.7192436						
10908000	287.4450166						
10918800	287.2697841						
10929600	287.1634888						
10940400	286.8664004						
10951200	286.5600498						
10962000	286.2899834						
10972800	285.9937707						
10983600	285.6862957						
10994400	285.4812604						
11005200	285.5353086						
11016000	285.7217014						
11026800	285.7966833						
11037600	285.697635						
11048400	285.602946						
11059200	285.4794605						
11070000	285.3153943						
11080800	285.2608715						
11091600	285.6113278						
11102400	285.4359039						
11113200	285.3946989						
11124000	285.4820331						
11134800	285.4021992						
11145600	285.3003735						
11156400	285.1731536						
11167200	285.0862654						
11178000	284.9901326						
11188800	284.9834439						
11199600	285.0371367						
11210400	285.0067633						
11221200	285.0076762						
11232000	285.0333193						
11242800	285.0446101						
11253600	285.0802073						
11264400	285.2217013						
11275200	285.3887552						
11286000	285.4611204						
11296800	285.515975						
11307600	285.5213691						
11318400	285.5198174						
11329200	285.4646058						
11340000	285.4360581						
11350800	285.4318258						
11361600	285.4703319						
11372400	285.4512448						
11383200	285.3807054						
11394000	285.3313278						
11404800	285.2651742						
11415600	285.2464317						
11426400	285.2430293						
11437200	285.3262656						
11448000	285.496141						
11458800	285.6395585						
11469600	285.6401244						
11480400	285.6505809						
11491200	285.6803484						
11502000	285.6921578						
11512800	285.6973031						
11523600	285.7470127						
11534400	285.8595514						
11545200	285.7946474						
11556000	285.7658508						
11566800	285.7264317						
11577600	285.6870956						
11588400	285.5988795						
11599200	285.5582156						
11610000	285.5639417						
11620800	285.5742322						
11631600	285.5991706						
11642400	285.6425311						
11653200	285.6719088						
11664000	285.8718257						
11674800	285.8727387						
11685600	285.8924896						
11696400	286.1686427						
11707200	286.3112448						
11718000	286.540116						
11728800	286.5395521						
11739600	286.5741491						
11750400	286.5646056						
11761200	286.4583817						
11772000	286.4378838						
11782800	286.5053067						
11793600	286.3126556						
11804400	286.2996266						
11815200	286.0811202						
11826000	285.9277593						
11836800	285.7265146						
11847600	285.5739634						
11858400	285.4576348						
11869200	285.5744184						
11880000	285.6229411						
11890800	285.6681365						
11901600	285.5225678						
11912400	285.5122405						
11923200	285.5200413						
11934000	285.5145936						
11944800	285.6275933						
11955600	285.8028632						
11966400	285.9848547						
11977200	285.6496018						
11988000	286.280897						
11998800	287.3122406						
12009600	287.8814523						
12020400	288.216805						
12031200	288.5347302						
12042000	288.8191153						
12052800	289.1047659						
12063600	289.3351392						
12074400	289.3208543						
12085200	288.8407192						
12096000	288.5071189						
12106800	288.3306181						
12117600	288.3589625						
12128400	288.3365024						
12139200	288.4996156						
12150000	288.5354769						
12160800	288.5060567						
12171600	288.4543112						
12182400	288.4484888						
12193200	288.4281096						
12204000	288.4391288						
12214800	288.6487069						
12225600	288.9872823						
12236400	289.0525725						
12247200	289.0476308						
12258000	288.9056397						
12268800	288.8470148						
12279600	288.816722						
12290400	288.822863						
12301200	288.8537343						
12312000	289.058924						
12322800	289.3603822						
12333600	289.3197096						
12344400	289.1145347						
12355200	289.0499996						
12366000	289.002985						
12376800	288.9612034						
12387600	289.1197924						
12398400	289.5118574						
12409200	289.9377176						
12420000	289.9148963						
12430800	289.6521577						
12441600	289.4049004						
12452400	289.285241						
12463200	289.2957267						
12474000	289.4574688						
12484800	289.7801829						
12495600	290.0070119						
12506400	290.0020763						
12517200	289.6032778						
12528000	289.4412929						
12538800	289.3455193						
12549600	289.2471811						
12560400	289.3236936						
12571200	289.4255811						
12582000	289.5387963						
12592800	289.332822						
12603600	289.1426971						
12614400	288.9709959						
12625200	288.9041909						
12636000	288.8727385						
12646800	288.8916943						
12657600	288.8650206						
12668400	288.8596264						
12679200	288.8457675						
12690000	288.7759969						
12700800	288.7460169						
12711600	288.7051869						
12722400	288.6883722						
12733200	288.7669157						
12744000	288.9248547						
12754800	289.2190459						
12765600	289.473319						
12776400	289.3666807						
12787200	289.1558921						
12798000	289.0250412						
12808800	289.0019501						
12819600	289.1109957						
12830400	289.3660997						
12841200	288.830724						
12852000	288.62799						
12862800	288.6988798						
12873600	288.529419						
12884400	288.389917						
12895200	288.2740666						
12906000	288.271328						
12916800	288.3392115						
12927600	288.4468467						
12938400	288.3994606						
12949200	288.3012459						
12960000	288.2919088						
12970800	288.2065145						
12981600	287.9991285						
12992400	288.2799586						
13003200	288.3365561						
13014000	288.1527408						
13024800	287.9597095						
13035600	287.7143688						
13046400	287.436888						
13057200	287.2237542						
13068000	287.075311						
13078800	287.1511618						
13089600	287.2199587						
13100400	287.1221162						
13111200	287.1174418						
13122000	288.09						
13132800	288.6259336						
13143600	288.649917						
13154400	288.5059799						
13165200	288.2260067						
13176000	287.9252697						
13186800	288.0190455						
13197600	287.7720747						
13208400	287.3651868						
13219200	287.5279901						
13230000	288.2480913						
13240800	288.5737976						
13251600	288.8670125						
13262400	289.1436929						
13273200	288.5812865						
13284000	287.5281743						
13294800	287.1917081						
13305600	287.93						
13316400	288.2626973						
13327200	288.4659335						
13338000	288.8519917						
13348800	289.2260999						
13359600	288.9560632						
13370400	288.189253						
13381200	288.329153						
13392000	288.3864619						
13402800	288.2538209						
13413600	288.336473						
13424400	288.5155602						
13435200	289.0343984						
13446000	289.3000415						
13456800	289.0887552						
13467600	289.6284233						
13478400	289.8872615						
13489200	289.6931537						
13500000	289.4380592						
13510800	289.238548						
13521600	289.3498345						
13532400	289.362625						
13543200	289.3980498						
13554000	289.347675						
13564800	289.3233228						
13575600	289.2502557						
13586400	289.272158						
13597200	289.4168047						
13608000	289.4003728						
13618800	289.359461						
13629600	289.4104477						
13640400	289.4041078						
13651200	289.3261001						
13662000	289.2138177						
13672800	289.0959749						
13683600	289.0098339						
13694400	289.1041077						
13705200	289.109253						
13716000	289.0866277						
13726800	289.1039035						
13737600	289.0537342						
13748400	289.0731725						
13759200	289.0638586						
13770000	289.0073443						
13780800	289.028589						
13791600	288.976722						
13802400	288.9564732						
13813200	288.9667497						
13824000	289.0135683						
13834800	288.9681743						
13845600	288.9859336						
13856400	289.1602075						
13867200	289.2031122						
13878000	289.1398671						
13888800	289.3073449						
13899600	289.3727578						
13910400	289.3719091						
13921200	289.5966837						
13932000	289.0090873						
13942800	288.5637758						
13953600	288.4253528						
13964400	288.4485052						
13975200	288.4477595						
13986000	287.9858506						
13996800	287.2959751						
14007600	286.993781						
14018400	287.4706152						
14029200	288.2295851						
14040000	288.8897515						
14050800	289.2228406						
14061600	288.7659338						
14072400	288.6539037						
14083200	288.6742124						
14094000	288.6972201						
14104800	288.7924068						
14115600	288.8363597						
14126400	289.0113277						
14137200	289.0358833						
14148000	289.0597842						
14158800	289.1307468						
14169600	289.2207887						
14180400	289.2603739						
14191200	289.2852702						
14202000	289.4329133						
14212800	289.4247883						
14223600	289.472738						
14234400	289.4813117						
14245200	289.4619595						
14256000	289.4486715						
14266800	289.4347424						
14277600	289.4231947						
14288400	289.4112446						
14299200	289.4177176						
14310000	289.4397921						
14320800	289.4774683						
14331600	289.4644391						
14342400	289.4380592						
14353200	289.3801248						
14364000	289.4022821						
14374800	289.4220809						
14385600	289.4293741						
14396400	289.4957866						
14407200	289.5221157						
14418000	289.5356308						
14428800	289.5357257						
14439600	289.547427						
14450400	289.6105801						
14461200	289.6472198						
14472000	289.7366393						
14482800	289.6980543						
14493600	289.6861488						
14504400	289.6987139						
14515200	289.6621992						
14526000	289.6095849						
14536800	289.5734657						
14547600	289.5518254						
14558400	289.527842						
14569200	289.1288207						
14580000	288.6360225						
14590800	288.5183554						
14601600	288.3410374						
14612400	288.1469294						
14623200	288.1428631						
14634000	288.2948964						
14644800	288.5672614						
14655600	288.5013268						
14666400	288.4155602						
14677200	288.4266806						
14688000	288.4392118						
14698800	288.3765339						
14709600	288.4746472						
14720400	288.443278						
14731200	288.7716598						
14742000	289.1575582						
14752800	288.8791529						
14763600	288.5997507						
14774400	288.6532365						
14785200	288.6501658						
14796000	288.7431952						
14806800	289.1302491						
14817600	289.674873						
14828400	290.1503317						
14839200	289.8262653						
14850000	289.3456851						
14860800	289.3873445						
14871600	289.3765563						
14882400	289.3802077						
14893200	289.3678428						
14904000	289.3747889						
14914800	289.3830567						
14925600	289.3918606						
14936400	289.3625317						
14947200	289.3441916						
14958000	289.300291						
14968800	289.2560585						
14979600	289.2437398						
14990400	289.2433337						
15001200	289.2349538						
15012000	289.244196						
15022800	289.2242741						
15033600	289.1539004						
15044400	289.0688379						
15055200	289.0990529						
15066000	289.1202089						
15076800	289.1634933						
15087600	289.2552286						
15098400	289.271346						
15109200	289.3070603						
15120000	289.3107979						
15130800	289.3111302						
15141600	289.3215953						
15152400	289.2950172						
15163200	289.3426917						
15174000	289.4236926						
15184800	289.4451071						
15195600	289.4378833						
15206400	289.4385473						
15217200	289.4354766						
15228000	289.5288377						
15238800	289.5974687						
15249600	289.6518242						
15260400	289.720266						
15271200	289.7340473						
15282000	289.6757476						
15292800	289.6446844						
15303600	289.6000829						
15314400	289.5284879						
15325200	289.4616274						
15336000	289.4612119						
15346800	289.5011198						
15357600	289.4807047						
15368400	289.458962						
15379200	289.4262653						
15390000	289.2910793						
15400800	289.2836935						
15411600	289.3021565						
15422400	289.3690875						
15433200	289.4518269						
15444000	289.4469263						
15454800	289.4561456						
15465600	289.4431888						
15476400	289.4632884						
15487200	289.6155314						
15498000	290.1754983						
15508800	290.363538						
15519600	289.9635264						
15530400	289.926119						
15541200	289.9094189						
15552000	289.8503102						
15562800	289.8503102						
15573600	289.8503102						
15584400	289.8503102						
15595200	289.8503102						
15606000	289.8503102						
15616800	289.8503102						
15627600	289.8503102						
15638400	289.8503102						
15649200	289.8503102						
15660000	289.8503102						
15670800	289.3017397						
15681600	289.2418608						
15692400	289.2034598						
15703200	289.0594605						
15714000	288.8260996						
15724800	288.8380497						
15735600	288.7940665						
15746400	288.8239635						
15757200	288.7529047						
15768000	289.5354771						
15778800	290.0546508						
15789600	289.896927						
15800400	289.8693526						
15811200	289.8280738						
15822000	289.7550668						
15832800	289.8580635						
15843600	290.0940495						
15854400	290.4698542						
15865200	290.8377208						
15876000	290.6186667						
15886800	290.1580201						
15897600	290.1995002						
15908400	290.0912498						
15919200	290.1479557						
15930000	290.3374168						
15940800	290.7544445						
15951600	291.175022						
15962400	291.146247						
15973200	290.6834168						
15984000	290.5484996						
15994800	290.5050828						
16005600	290.6045832						
16016400	290.8475237						
16027200	291.2630776						
16038000	291.7306294						
16048800	291.7935834						
16059600	291.2556667						
16070400	291.0009161						
16081200	290.8500836						
16092000	290.6805834						
16102800	290.5896664						
16113600	290.6271666						
16124400	290.6967502						
16135200	290.6018331						
16146000	290.4234165						
16156800	290.2737505						
16167600	290.2345837						
16178400	290.1905002						
16189200	290.4631666						
16200000	290.8805						
16210800	291.261917						
16221600	291.4019596						
16232400	290.8971667						
16243200	290.5880831						
16254000	290.5203328						
16264800	290.5934165						
16275600	290.8132503						
16286400	291.14975						
16297200	291.0476666						
16308000	290.555333						
16318800	290.4759994						
16329600	290.3905835						
16340400	290.3160006						
16351200	290.2445004						
16362000	290.1999167						
16372800	290.176047						
16383600	290.2017272						
16394400	290.1679899						
16405200	290.1719615						
16416000	290.1913649						
16426800	290.0586843						
16437600	290.0653843						
16448400	290.2915619						
16459200	290.687235						
16470000	291.1196713						
16480800	290.6026668						
16491600	290.2824149						
16502400	290.2435004						
16513200	290.149						
16524000	290.1916668						
16534800	290.6709865						
16545600	291.4244128						
16556400	292.2398489						
16567200	285.0009623						
16578000	286.4788574						
16588800	288.42975						
16599600	289.6278333						
16610400	290.3605753						
16621200	290.9959415						
16632000	291.5188334						
16642800	292.0155832						
16653600	292.2236669						
16664400	292.2500837						
16675200	292.1683334						
16686000	292.0784164						
16696800	292.0507496						
16707600	292.2113847						
16718400	292.4877496						
16729200	292.5499996						
16740000	292.5499996						
16750800	292.4847494						
16761600	292.431166						
16772400	291.407667						
16783200	291.2808337						
16794000	291.6864168						
16804800	291.6729168						
16815600	291.5229995						
16826400	291.3320006						
16837200	291.1845001						
16848000	291.0882498						
16858800	290.9696662						
16869600	290.9699993						
16880400	291.2646666						
16891200	291.7282503						
16902000	291.8373334						
16912800	291.3821668						
16923600	291.1615834						
16934400	291.0494996						
16945200	290.9412496						
16956000	290.9784995						
16966800	291.225417						
16977600	291.0239996						
16988400	290.9255626						
16999200	290.8493339						
17010000	290.7717505						
17020800	290.6777501						
17031600	290.6189165						
17042400	290.5475829						
17053200	290.5424099						
17064000	290.5334162						
17074800	290.5391662						
17085600	290.5237495						
17096400	290.4969994						
17107200	290.4478327						
17118000	290.4166665						
17128800	290.3942501						
17139600	290.3986667						
17150400	290.6251666						
17161200	290.7625838						
17172000	290.6180832						
17182800	290.6061665						
17193600	290.5524996						
17204400	290.5159162						
17215200	290.5420829						
17226000	290.5564163						
17236800	290.7807502						
17247600	291.0478329						
17258400	290.8845001						
17269200	290.7960389						
17280000	290.7292503						
17290800	290.6651667						
17301600	290.7147501						
17312400	291.4500833						
17323200	292.1159166						
17334000	292.3196665						
17344800	291.6045834						
17355600	291.3256673						
17366400	291.1880835						
17377200	291.0739997						
17388000	290.9854994						
17398800	290.9146667						
17409600	291.4265833						
17420400	291.473416						
17431200	291.1675						
17442000	291.0140828						
17452800	290.9450828						
17463600	290.8427506						
17474400	290.8349173						
17485200	290.9630833						
17496000	291.2012502						
17506800	291.0482496						
17517600	290.9687494						
17528400	290.8847502						
17539200	290.7819438						
17550000	290.6618334						
17560800	290.5734164						
17571600	290.550333						
17582400	290.5706664						
17593200	290.5771664						
17604000	290.5722497						
17614800	290.5354996						
17625600	290.4600827						
17636400	290.4198331						
17647200	290.3389999						
17658000	290.9121667						
17668800	291.6888333						
17679600	291.7206666						
17690400	290.7857505						
17701200	290.6821668						
17712000	290.6049165						
17722800	290.5463329						
17733600	290.6366666						
17744400	290.9378334						
17755200	291.4055833						
17766000	291.8285774						
17776800	291.9198331						
17787600	291.2473332						
17798400	290.9483329						
17809200	290.9101665						
17820000	290.9643331						
17830800	291.2784148						
17841600	291.9309167						
17852400	292.5757501						
17863200	292.9252496						
17874000	292.4405001						
17884800	291.7379999						
17895600	291.4990828						
17906400	291.5905831						
17917200	291.8485						
17928000	292.3293334						
17938800	292.73627						
17949600	292.9081664						
17960400	292.3830833						
17971200	291.9584996						
17982000	291.8578337						
17992800	291.860417						
18003600	292.0641663						
18014400	292.5528334						
18025200	293.1320834						
18036000	293.5341663						
18046800	293.6263332						
18057600	293.1854165						
18068400	292.6959168						
18079200	292.5504163						
18090000	292.6537531						
18100800	292.8534168						
18111600	293.1826718						
18122400	293.4956662						
18133200	293.2430833						
18144000	292.9026667						
18154800	292.7860005						
18165600	292.6911668						
18176400	292.6449166						
18187200	292.7740838						
18198000	292.9326662						
18208800	292.7443335						
18219600	292.4089167						
18230400	292.1376666						
18241200	291.9449163						
18252000	291.7650004						
18262800	291.8002506						
18273600	291.9849994						
18284400	292.1332781						
18295200	291.9557691						
18306000	291.7212503						
18316800	291.5229162						
18327600	291.3131671						
18338400	291.370417						
18349200	291.5737497						
18360000	291.9962499						
18370800	292.3778566						
18381600	292.4994164						
18392400	291.9167501						
18403200	291.5539163						
18414000	291.3497504						
18424800	291.1945002						
18435600	291.2345003						
18446400	291.4784999						
18457200	291.8974166						
18468000	292.15925						
18478800	291.6449998						
18489600	291.3079171						
18500400	291.0848331						
18511200	291.15375						
18522000	291.4085834						
18532800	291.9198333						
18543600	292.4986667						
18554400	292.9399998						
18565200	292.8164165						
18576000	291.9811669						
18586800	291.6650834						
18597600	291.7965839						
18608400	292.1504999						
18619200	292.8048332						
18630000	291.9530833						
18640800	281.7373333						
18651600	285.1686667						
18662400	287.4896164						
18673200	288.8126666						
18684000	289.622						
18694800	290.3730833						
18705600	291.1221667						
18716400	291.7528333						
18727200	292.14225						
18738000	292.250167						
18748800	292.1439166						
18759600	291.9427497						
18770400	291.7790838						
18781200	291.8349169						
18792000	292.1661667						
18802800	292.5544999						
18813600	292.8663335						
18824400	292.9179997						
18835200	292.7780838						
18846000	292.5466663						
18856800	292.3948334						
18867600	292.5939165						
18878400	293.0395833						
18889200	292.1358331						
18900000	279.8911667						
18910800	283.5569167						
18921600	286.6028333						
18932400	288.4015833						
18943200	289.4651794						
18954000	290.2264999						
18964800	291.0530885						
18975600	291.8694166						
18986400	292.4349999						
18997200	292.5766664						
19008000	292.4883328						
19018800	292.3040839						
19029600	292.1069998						
19040400	292.050083						
19051200	292.2255003						
19062000	292.5179164						
19072800	292.7380837						
19083600	292.7502504						
19094400	292.6122499						
19105200	292.3815001						
19116000	292.2583337						
19126800	292.3598335						
19137600	292.7414167						
19148400	293.1906668						
19159200	293.5449996						
19170000	293.5919164						
19180800	293.3745833						
19191600	293.0474163						
19202400	292.8512507						
19213200	292.9516666						
19224000	293.3282319						
19234800	292.6696668						
19245600	280.2913333						
19256400	284.2118333						
19267200	286.9010833						
19278000	288.4933333						
19288800	289.5400834						
19299600	290.571						
19310400	291.648						
19321200	286.7019438						
19332000	279.5638334						
19342800	283.5869167						
19353600	286.6451667						
19364400	288.5045833						
19375200	289.7159167						
19386000	290.8369167						
19396800	291.9590226						
19407600	286.9122499						
19418400	279.2650833						
19429200	280.7933333						
19440000	284.23875						
19450800	287.0565						
19461600	288.8761666						
19472400	290.2000833						
19483200	291.1303333						
19494000	291.9708437						
19504800	292.540909						
19515600	292.8410004						
19526400	292.9499992						
19537200	292.9273329						
19548000	292.9164998						
19558800	293.22625						
19569600	292.02875						
19580400	278.8640834						
19591200	279.2832501						
19602000	281.5860833						
19612800	285.3044167						
19623600	287.733						
19634400	289.35675						
19645200	290.8080834						
19656000	281.7370833						
19666800	279.2048333						
19677600	278.87325						
19688400	279.74375						
19699200	282.3083333						
19710000	285.81625						
19720800	281.17575						
19731600	278.8163332						
19742400	278.8507499						
19753200	278.8583332						
19764000	279.0524166						
19774800	279.82425						
19785600	282.2762719						
19796400	285.8368333						
19807200	280.3069999						
19818000	278.8577499						
19828800	278.9495834						
19839600	278.9225						
19850400	279.04825						
19861200	279.6780833						
19872000	281.9936667						
19882800	285.54025						
19893600	281.35525						
19904400	278.9431666						
19915200	280.2168333						
19926000	280.7004166						
19936800	279.5870833						
19947600	279.4631667						
19958400	282.2836667						
19969200	285.8483333						
19980000	283.1696667						
19990800	279.6856667						
20001600	279.5601667						
20012400	280.2184999						
20023200	279.8045834						
20034000	280.0768333						
20044800	283.93875						
20055600	286.9010425						
20066400	288.86525						
20077200	290.469						
20088000	286.10775						
20098800	278.9242501						
20109600	278.9940833						
20120400	280.651						
20131200	284.56325						
20142000	287.241						
20152800	289.0089167						
20163600	290.5285833						
20174400	290.805						
20185200	278.9499166						
20196000	278.7819166						
20206800	279.8626667						
20217600	282.3540833						
20228400	285.9146667						
20239200	288.24325						
20250000	290.1323334						
20260800	281.6818333						
20271600	278.8175						
20282400	278.63325						
20293200	279.5181667						
20304000	282.9914167						
20314800	286.26825						
20325600	288.4405834						
20336400	288.9596747						
20347200	278.5160833						
20358000	278.7497518						
20368800	278.7869999						
20379600	279.409						
20390400	279.528						
20401200	281.29175						
20412000	279.4985833						
20422800	278.7220833						
20433600	278.6565833						
20444400	278.6925833						
20455200	278.83725						
20466000	279.4240833						
20476800	279.6479166						
20487600	279.74025						
20498400	278.7205						
20509200	279.2681667						
20520000	279.6943333						
20530800	278.9693333						
20541600	278.6108333						
20552400	279.3445833						
20563200	279.6059167						
20574000	283.1225						
20584800	286.6539167						
20595600	288.6366667						
20606400	280.6228334						
20617200	281.0992079						
20628000	280.1135						
20638800	280.1020833						
20649600	280.1926666						
20660400	280.0739167						
20671200	283.3910833						
20682000	285.7464028						
20692800	285.7464028						
20703600	280.2767002						
20714400	279.3051667						
20725200	279.0765834						
20736000	278.7936667						
20746800	278.7870833						
20757600	279.51725						
20768400	280.35						
20779200	281.5293333						
20790000	282.6570892						
20800800	283.2549166						
20811600	283.8533334						
20822400	286.2066667						
20833200	288.0268333						
20844000	289.26325						
20854800	290.3334029						
20865600	291.42025						
20876400	279.770302						
20887200	278.6796234						
20898000	278.3537658						
20908800	278.5150968						
20919600	279.2835853						
20930400	283.2727923						
20941200	283.2107744						
20952000	278.188468						
20962800	278.4121009						
20973600	278.4644288						
20984400	278.4999168						
20995200	278.5040835						
21006000	278.4951668						
21016800	278.9013333						
21027600	278.20525						
21038400	278.4655965						
21049200	278.6130034						
21060000	279.4939597						
21070800	278.813644						
21081600	278.2796142						
21092400	278.5170018						
21103200	278.5108223						
21114000	278.5281912						
21124800	278.5651878						
21135600	278.5238319						
21146400	278.539748						
21157200	278.5575822						
21168000	280.5314189						
21178800	284.0268519						
21189600	286.3364135						
21200400	288.16775						
21211200	289.7285834						
21222000	287.6891449						
21232800	278.2920834						
21243600	278.7195834						
21254400	282.1645						
21265200	285.3084167						
21276000	287.3501666						
21286800	288.7614167						
21297600	289.9415763						
21308400	291.0200833						
21319200	286.8987479						
21330000	283.6662207						
21340800	283.7510842						
21351600	283.91175						
21362400	285.5368333						
21373200	285.8682652						
21384000	283.29125						
21394800	283.6017902						
21405600	283.4657631						
21416400	283.8159167						
21427200	285.1746667						
21438000	287.1895						
21448800	288.6352377						
21459600	289.8377501						
21470400	290.9831666						
21481200	291.9484167						
21492000	279.7643334						
21502800	278.6580001						
21513600	282.1424167						
21524400	285.40225						
21535200	287.5189167						
21546000	288.9159167						
21556800	289.9365834						
21567600	290.7955674						
21578400	291.3917013						
21589200	291.6923815						
21600000	291.8245007						
21610800	291.8500008						
21621600	291.8694171						
21632400	292.0209995						
21643200	292.251417						
21654000	292.5733525						
21664800	292.8207507						
21675600	292.8500008						
21686400	292.7698338						
21697200	292.5944998						
21708000	292.4521659						
21718800	292.5617497						
21729600	292.8459167						
21740400	293.198179						
21751200	293.4756661						
21762000	293.4912494						
21772800	293.3684169						
21783600	293.15025						
21794400	292.9719993						
21805200	293.064833						
21816000	293.3949167						
21826800	293.749167						
21837600	281.2299167						
21848400	279.9229167						
21859200	283.665						
21870000	286.3181667						
21880800	287.9734362						
21891600	289.2330834						
21902400	290.29625						
21913200	291.1280184						
21924000	291.6838335						
21934800	291.9657496						
21945600	292.0499996						
21956400	292.0499996						
21967200	292.1036665						
21978000	292.4404202						
21988800	292.9460833						
21999600	293.4288333						
22010400	280.7103334						
22021200	278.5163333						
22032000	282.1170833						
22042800	285.35975						
22053600	287.554						
22064400	289.4389167						
22075200	278.70275						
22086000	278.4556246						
22096800	278.4850001						
22107600	278.5025835						
22118400	278.4979168						
22129200	278.4872501						
22140000	278.4368225						
22150800	278.6222269						
22161600	279.8284167						
22172400	281.067598						
22183200	282.2396667						
22194000	283.2175833						
22204800	283.24575						
22215600	283.38625						
22226400	282.9233333						
22237200	282.9796666						
22248000	282.7959999						
22258800	282.5418331						
22269600	282.5635831						
22280400	282.6599167						
22291200	283.04425						
22302000	283.72125						
22312800	284.7066667						
22323600	281.7280833						
22334400	278.4749167						
22345200	278.3268333						
22356000	278.5212501						
22366800	278.5602501						
22377600	278.5272501						
22388400	278.5245835						
22399200	278.5585001						
22410000	278.7499999						
22420800	279.3657374						
22431600	279.8600833						
22442400	280.0434167						
22453200	280.0391666						
22464000	279.9129167						
22474800	279.5564166						
22485600	280.00125						
22496400	283.7959167						
22507200	287.01475						
22518000	282.3689167						
22528800	278.3744168						
22539600	278.5535834						
22550400	279.4565834						
22561200	283.2745						
22572000	286.0508333						
22582800	288.07425						
22593600	289.6972501						
22604400	291.0055004						
22615200	291.9097164						
22626000	292.3548334						
22636800	292.5686664						
22647600	292.65						
22658400	292.7169169						
22669200	293.0309165						
22680000	289.1241666						
22690800	278.9830833						
22701600	278.3080834						
22712400	278.4761668						
22723200	278.4964168						
22734000	278.5170001						
22744800	279.07225						
22755600	279.9836667						
22766400	280.1246667						
22777200	279.7825889						
22788000	279.7455						
22798800	279.9059167						
22809600	279.7656666						
22820400	282.5565						
22831200	285.52925						
22842000	287.7691667						
22852800	289.51575						
22863600	279.0363333						
22874400	278.4868334						
22885200	278.5757715						
22896000	279.3988334						
22906800	283.19375						
22917600	285.9675						
22928400	288.0516667						
22939200	289.1403198						
22950000	278.3538819						
22960800	279.0542501						
22971600	283.0605						
22982400	286.1134166						
22993200	287.992						
23004000	289.3063334						
23014800	290.4937288						
23025600	290.5731666						
23036400	278.2127189						
23047200	278.5070001						
23058000	278.5480001						
23068800	278.5190001						
23079600	280.83575						
23090400	284.5074167						
23101200	287.1284167						
23112000	289.1425						
23122800	281.852895						
23133600	278.4909167						
23144400	278.5986667						
23155200	281.21725						
23166000	284.8004167						
23176800	287.1170833						
23187600	288.8236667						
23198400	290.1441667						
23209200	291.0630834						
23220000	278.7751666						
23230800	278.9921667						
23241600	282.6654167						
23252400	285.6843333						
23263200	287.6703333						
23274000	289.1605						
23284800	290.40375						
23295600	291.3781223						
23306400	291.9594999						
23317200	292.2146669						
23328000	292.2500004						
23338800	292.1914168						
23349600	292.1628441						
23360400	292.3378335						
23371200	292.7160835						
23382000	293.1598333						
23392800	283.8478332						
23403600	278.3924166						
23414400	279.7170001						
23425200	283.7131667						
23436000	286.4874167						
23446800	288.3041667						
23457600	289.6034166						
23468400	290.6179167						
23479200	291.3587499						
23490000	291.8185834						
23500800	292.1275832						
23511600	292.3114173						
23522400	292.4877494						
23533200	292.7380003						
23544000	293.0126663						
23554800	293.3022503						
23565600	293.5325829						
23576400	293.5174995						
23587200	293.4124165						
23598000	293.2646793						
23608800	293.1454166						
23619600	293.1624167						
23630400	293.3581668						
23641200	293.5884998						
23652000	293.65						
23662800	293.5335829						
23673600	293.3501669						
23684400	293.1240832						
23695200	292.9592493						
23706000	292.9909161						
23716800	293.2135002						
23727600	293.5256664						
23738400	293.7390003						
23749200	293.7500004						
23760000	293.6964168						
23770800	293.565083						
23781600	293.4499992						
23792400	293.4499992						
23803200	293.5204162						
23814000	293.6346153						
23824800	293.65						
23835600	293.5803331						
23846400	293.4998328						
23857200	293.444916						
23868000	293.3501674						
23878800	293.4614162						
23889600	293.6781069						
23900400	293.9120833						
23911200	282.8533333						
23922000	283.1910833						
23932800	283.3690833						
23943600	285.351						
23954400	287.4505						
23965200	289.0080833						
23976000	290.21225						
23986800	291.1169975						
23997600	291.8296666						
24008400	292.2204169						
24019200	292.3500008						
24030000	292.3500008						
24040800	292.3500008						
24051600	292.4253332						
24062400	292.652						
24073200	292.9313333						
24084000	293.2056669						
24094800	293.249667						
24105600	293.1606667						
24116400	293.1149165						
24127200	293.0499996						
24138000	293.0934165						
24148800	293.2010427						
24159600	293.3485119						
24170400	293.3656672						
24181200	293.3500008						
24192000	293.319584						
24202800	293.2074169						
24213600	293.1029165						
24224400	293.1626667						
24235200	293.3695002						
24246000	293.5416663						
24256800	293.5388329						
24267600	293.4294995						
24278400	293.2995006						
24289200	293.1536667						
24300000	293.0499996						
24310800	293.1035411						
24321600	293.3489169						
24332400	293.5779567						
24343200	293.8034173						
24354000	293.8071673						
24364800	293.728417						
24375600	293.6183332						
24386400	293.5499996						
24397200	293.5492496						
24408000	293.5944998						
24418800	293.7262305						
24429600	293.7141669						
24440400	293.5957498						
24451200	293.4314163						
24462000	293.315584						
24472800	293.2305836						
24483600	293.1845001						
24494400	293.4002501						
24505200	293.7303336						
24516000	293.8953334						
24526800	293.860167						
24537600	293.6720001						
24548400	293.4587497						
24559200	293.3488341						
24570000	293.3497508						
24580800	293.4475826						
24591600	293.5099161						
24602400	293.4515826						
24613200	293.3947501						
24624000	293.2620004						
24634800	293.1545834						
24645600	293.073333						
24656400	292.9825827						
24667200	292.9055832						
24678000	292.8105465						
24688800	292.7002502						
24699600	292.5810256						
24710400	292.422583						
24721200	292.2870839						
24732000	292.1540833						
24742800	292.073083						
24753600	292.2308336						
24764400	292.5894998						
24775200	292.7500004						
24786000	292.7010835						
24796800	292.5112495						
24807600	292.2941672						
24818400	292.1563334						
24829200	292.2595838						
24840000	292.4376664						
24850800	292.6170832						
24861600	292.6426666						
24872400	292.5342496						
24883200	292.424833						
24894000	292.3061673						
24904800	292.2239169						
24915600	292.3422502						
24926400	292.6957501						
24937200	293.0999999						
24948000	290.0648332						
24958800	281.1527523						
24969600	284.4908333						
24980400	286.5516667						
24991200	287.9						
25002000	289.156						
25012800	290.3731667						
25023600	287.8383333						
25034400	278.2811667						
25045200	278.5725834						
25056000	279.43						
25066800	283.1903333						
25077600	285.99875						
25088400	284.53925						
25099200	278.217						
25110000	278.7046667						
25120800	279.5458333						
25131600	279.5313334						
25142400	279.4795001						
25153200	279.5615834						
25164000	280.0389168						
25174800	283.7018333						
25185600	285.10775						
25196400	283.6370968						
25207200	283.9138333						
25218000	284.1575834						
25228800	285.0399167						
25239600	287.12075						
25250400	288.5824166						
25261200	289.7314846						
25272000	290.7685834						
25282800	283.4895						
25293600	278.3608334						
25304400	278.5445001						
25315200	278.6575834						
25326000	281.8455833						
25336800	284.9265833						
25347600	287.2525833						
25358400	286.6375						
25369200	282.23775						
25380000	282.4754167						
25390800	282.5458333						
25401600	282.6626667						
25412400	283.15275						
25423200	283.32225						
25434000	283.1235						
25444800	283.0775833						
25455600	283.1565						
25466400	283.2171667						
25477200	283.4269167						
25488000	283.6986667						
25498800	284.04425						
25509600	286.10725						
25520400	288.0889171						
25531200	289.6055833						
25542000	288.43375						
25552800	282.9388333						
25563600	283.3446667						
25574400	283.5211667						
25585200	285.346						
25596000	287.43175						
25606800	288.96925						
25617600	290.0936666						
25628400	290.9865834						
25639200	291.6324167						
25650000	292.0332497						
25660800	292.2782505						
25671600	292.4192497						
25682400	292.5113328						
25693200	292.6915002						
25704000	293.2068333						
25714800	281.6809167						
25725600	281.1350001						
25736400	281.1921667						
25747200	281.451						
25758000	281.8925834						
25768800	281.7488334						
25779600	281.1490834						
25790400	281.3959167						
25801200	281.98275						
25812000	282.1241451						
25822800	282.5598333						
25833600	282.9200833						
25844400	283.0180833						
25855200	284.8715						
25866000	285.2148334						
25876800	282.1379167						
25887600	282.4741667						
25898400	282.84625						
25909200	282.9986666						
25920000	283.36075						
25930800	283.6239167						
25941600	284.1489167						
25952400	283.3365						
25963200	282.6665						
25974000	282.8721667						
25984800	283.2728333						
25995600	283.5144167						
26006400	283.7864999						
26017200	284.1945834						
26028000	286.24525						
26038800	288.4001667						
26049600	282.9944166						
26060400	283.549421						
26071200	283.8870833						
26082000	284.11975						
26092800	284.2935833						
26103600	285.6130525						
26114400	287.38175						
26125200	288.95075						
26136000	285.3293333						
26146800	282.9505833						
26157600	283.4008333						
26168400	283.8068333						
26179200	284.2185						
26190000	283.8736666						
26200800	285.0556667						
26211600	282.2671667						
26222400	282.6629167						
26233200	283.0475						
26244000	283.2195						
26254800	283.4993333						
26265600	285.3498333						
26276400	287.323						
26287200	288.7462501						
26298000	289.7927499						
26308800	290.6009167						
26319600	289.18725						
26330400	283.12075						
26341200	284.12975						
26352000	286.2285833						
26362800	287.890784						
26373600	288.9869167						
26384400	289.8727499						
26395200	290.73675						
26406000	291.5376668						
26416800	285.4123331						
26427600	282.3743333						
26438400	285.4424167						
26449200	287.4269167						
26460000	288.701						
26470800	289.66025						
26481600	290.4643334						
26492400	291.1416668						
26503200	291.5790831						
26514000	291.7620838						
26524800	291.7580004						
26535600	291.7042502						
26546400	291.65						
26557200	291.6743334						
26568000	291.8690002						
26578800	292.1353597						
26589600	292.3337505						
26600400	292.3530007						
26611200	292.2961672						
26622000	292.2220003						
26632800	292.15						
26643600	292.1857501						
26654400	292.3310837						
26665200	292.5899497						
26676000	292.7766671						
26686800	292.8411674						
26697600	292.7460837						
26708400	292.6082498						
26719200	292.5476663						
26730000	292.5279995						
26740800	292.5904998						
26751600	292.7068336						
26762400	292.8487507						
26773200	292.7760005						
26784000	292.6326666						
26794800	292.4286665						
26805600	292.2652504						
26816400	292.3781669						
26827200	292.6935002						
26838000	292.9996663						
26848800	293.1395						
26859600	293.0398329						
26870400	292.9533329						
26881200	292.860917						
26892000	292.7565004						
26902800	292.743917						
26913600	292.873667						
26924400	293.0926797						
26935200	293.3048339						
26946000	293.2855839						
26956800	293.2178902						
26967600	293.1199999						
26978400	292.9878327						
26989200	293.1385833						
27000000	293.5539164						
27010800	283.6821667						
27021600	282.90825						
27032400	283.4138333						
27043200	284.0640833						
27054000	286.0765						
27064800	287.7965						
27075600	289.1585834						
27086400	290.4483333						
27097200	289.3401667						
27108000	278.3614167						
27118800	278.5725001						
27129600	281.7915						
27140400	284.9378333						
27151200	286.95325						
27162000	288.6420833						
27172800	290.268						
27183600	279.7992499						
27194400	278.4666668						
27205200	278.4905835						
27216000	278.5469976						
27226800	279.0330001						
27237600	282.63925						
27248400	283.7561667						
27259200	278.2633333						
27270000	278.367287						
27280800	278.6173333						
27291600	278.8247499						
27302400	278.7940832						
27313200	278.9832482						
27324000	279.3564317						
27334800	279.0305833						
27345600	278.23175						
27356400	278.2275832						
27367200	278.4691668						
27378000	278.4828335						
27388800	278.4800001						
27399600	278.4838335						
27410400	281.4841667						
27421200	283.355171						
27432000	282.8642619						
27442800	283.2324648						
27453600	283.592						
27464400	283.9293333						
27475200	283.9945833						
27486000	284.0276667						
27496800	284.5968333						
27507600	282.3415						
27518400	282.6463334						
27529200	282.616						
27540000	282.6340833						
27550800	283.2265						
27561600	283.4593333						
27572400	283.61675						
27583200	282.9451666						
27594000	282.2425						
27604800	282.1139167						
27615600	282.3908602						
27626400	282.49575						
27637200	282.7665833						
27648000	283.1740833						
27658800	283.4079167						
27669600	282.59975						
27680400	282.4450833						
27691200	282.560759						
27702000	282.6820833						
27712800	282.76325						
27723600	283.0576666						
27734400	283.5695						
27745200	284.0095						
27756000	283.5220833						
27766800	282.643823						
27777600	282.5006667						
27788400	282.5925833						
27799200	282.8165						
27810000	283.1811667						
27820800	283.4004166						
27831600	283.4184166						
27842400	284.89275						
27853200	287.4508333						
27864000	282.8614166						
27874800	282.7255						
27885600	283.379						
27896400	283.3879167						
27907200	283.5114167						
27918000	285.7055833						
27928800	287.6804501						
27939600	289.0936667						
27950400	290.1713333						
27961200	290.88725						
27972000	291.3120836						
27982800	291.5221662						
27993600	291.5499996						
28004400	291.5354162						
28015200	291.464916						
28026000	291.5204995						
28036800	291.8566667						
28047600	292.2588335						
28058400	292.5180828						
28069200	292.5069995						
28080000	292.3420837						
28090800	292.14425						
28101600	291.969416						
28112400	292.1621667						
28123200	292.6446667						
28134000	289.5597498						
28144800	278.3336668						
28155600	278.7124688						
28166400	281.9889167						
28177200	284.91175						
28188000	286.84475						
28198800	288.4699167						
28209600	287.53575						
28220400	283.4760833						
28231200	283.4238333						
28242000	283.4956666						
28252800	283.4389167						
28263600	284.1751667						
28274400	286.52225						
28285200	286.0594167						
28296000	282.9306666						
28306800	282.8613317						
28317600	282.93875						
28328400	283.2434167						
28339200	283.491						
28350000	283.6680833						
28360800	284.5066667						
28371600	286.8045						
28382400	283.3926667						
28393200	282.2855296						
28404000	278.38225						
28414800	278.9844167						
28425600	282.0774167						
28436400	285.0730833						
28447200	287.0080833						
28458000	288.3594167						
28468800	289.4568334						
28479600	290.3289999						
28490400	290.8774167						
28501200	291.1921668						
28512000	291.3923334						
28522800	291.5159995						
28533600	291.5828331						
28544400	291.7891669						
28555200	292.1199999						
28566000	292.4883332						
28576800	280.0139166						
28587600	278.4071666						
28598400	278.5470001						
28609200	280.2695834						
28620000	283.8794167						
28630800	286.375						
28641600	288.1045						
28652400	289.3304797						
28663200	290.0713334						
28674000	290.4939998						
28684800	290.7097167						
28695600	290.821584						
28706400	290.8507508						
28717200	291.0054996						
28728000	291.3433334						
28738800	291.5999165						
28749600	291.6376666						
28760400	291.5232495						
28771200	291.4159998						
28782000	291.2850838						
28792800	291.1254166						
28803600	291.0373329						
28814400	291.1440833						
28825200	291.3830025						
28836000	291.5439163						
28846800	291.457416						
28857600	291.3546669						
28868400	291.1404166						
28879200	290.9643326						
28890000	290.9987495						
28900800	291.3674167						
28911600	291.8004168						
28922400	292.034153						
28933200	291.9625829						
28944000	291.7798337						
28954800	291.5172497						
28965600	291.2808338						
28976400	291.3491668						
28987200	291.8437499						
28998000	292.3954166						
29008800	280.3175833						
29019600	280.317						
29030400	283.7446667						
29041200	285.8878333						
29052000	287.2111111						
29062800	288.4511666						
29073600	289.8513334						
29084400	283.9209167						
29095200	278.2929167						
29106000	278.5285001						
29116800	280.2800834						
29127600	283.6424167						
29138400	285.8191667						
29149200	287.5186667						
29160000	289.1609167						
29170800	283.5731667						
29181600	278.3178334						
29192400	278.521154						
29203200	278.5253129						
29214000	278.5463365						
29224800	281.4353211						
29235600	284.7609167						
29246400	287.1174167						
29257200	288.8738333						
29268000	286.6213334						
29278800	285.8264167						
29289600	287.7370833						
29300400	289.0393333						
29311200	289.9126667						
29322000	290.7134166						
29332800	289.037						
29343600	284.3984167						
29354400	286.7226667						
29365200	288.37425						
29376000	289.34875						
29386800	289.88825						
29397600	290.1636667						
29408400	290.5571667						
29419200	291.0400833						
29430000	291.5109999						
29440800	291.7974172						
29451600	291.7944543						
29462400	291.6783334						
29473200	291.5617497						
29484000	291.5354996						
29494800	291.7051669						
29505600	292.1904166						
29516400	284.8956666						
29527200	278.23575						
29538000	278.4596668						
29548800	278.4652501						
29559600	279.0216667						
29570400	282.6454167						
29581200	283.7204167						
29592000	283.621						
29602800	283.732						
29613600	283.9281667						
29624400	284.0251667						
29635200	284.0414167						
29646000	284.0831667						
29656800	284.0535833						
29667600	284.0586667						
29678400	285.04575						
29689200	287.0646667						
29700000	288.4236667						
29710800	289.1897501						
29721600	289.6111665						
29732400	289.8395005						
29743200	289.9693488						
29754000	290.1825001						
29764800	290.5683332						
29775600	290.9100833						
29786400	291.0499996						
29797200	291.0499996						
29808000	291.0034994						
29818800	290.9071666						
29829600	290.8500008						
29840400	290.8524174						
29851200	290.9914161						
29862000	291.1895835						
29872800	291.2500004						
29883600	291.1784168						
29894400	291.0952498						
29905200	290.9548328						
29916000	290.8500008						
29926800	290.9031668						
29937600	291.2051295						
29948400	291.5470708						
29959200	291.7380338						
29970000	291.6885966						
29980800	291.5599495						
29991600	291.4068791						
30002400	291.2906856						
30013200	291.2675984						
30024000	291.5055554						
30034800	291.8410001						
30045600	292.0776061						
30056400	292.15						
30067200	292.0864998						
30078000	291.9895323						
30088800	291.8752504						
30099600	291.8955835						
30110400	292.1408333						
30121200	292.5153332						
30132000	286.1352501						
30142800	279.071						
30153600	282.7233333						
30164400	285.4095833						
30175200	287.2228333						
30186000	288.5744166						
30196800	289.8097999						
30207600	290.8196994						
30218400	291.3710702						
30229200	291.5693464						
30240000	291.6361435						
30250800	291.5915691						
30261600	291.5701671						
30272400	291.7344353						
30283200	292.1857322						
30294000	285.395371						
30304800	278.2342501						
30315600	278.5342501						
30326400	278.5500001						
30337200	281.3294167						
30348000	284.5763333						
30358800	286.9198082						
30369600	283.0782372						
30380400	278.2033778						
30391200	278.5337501						
30402000	278.7547499						
30412800	278.6555						
30423600	281.3856667						
30434400	284.57725						
30445200	286.7739166						
30456000	288.3230834						
30466800	289.4300001						
30477600	290.1478334						
30488400	290.6179166						
30499200	290.89625						
30510000	291.0816664						
30520800	291.274354						
30531600	291.6369782						
30542400	285.2476626						
30553200	278.4003338						
30564000	278.4319167						
30574800	278.5565001						
30585600	279.0591667						
30596400	282.5496667						
30607200	285.1018333						
30618000	286.8205						
30628800	288.0941666						
30639600	288.901						
30650400	289.3192503						
30661200	289.5060828						
30672000	289.5499996						
30682800	289.480166						
30693600	289.375667						
30704400	289.3500008						
30715200	289.3885002						
30726000	289.4880827						
30736800	289.444666						
30747600	289.3475008						
30758400	289.2171669						
30769200	289.0664998						
30780000	288.9602501						
30790800	289.1847501						
30801600	289.6921666						
30812400	290.1283152						
30823200	290.2500004						
30834000	290.1565834						
30844800	290.0326662						
30855600	289.9265829						
30866400	289.8500008						
30877200	289.8679172						
30888000	290.1241666						
30898800	290.4408331						
30909600	290.486666						
30920400	290.347667						
30931200	290.149						
30942000	289.9804994						
30952800	289.9010833						
30963600	290.0166662						
30974400	290.3460834						
30985200	290.6201666						
30996000	290.7463337						
31006800	290.817334						
31017600	290.8500841						
31028400	290.9442493						
31039200	291.0046661						
31050000	291.1765001						
31060800	291.4258333						
31071600	291.6001665						
31082400	291.6480833						
31093200	291.65						
31104000	291.6499166						
31114800	291.570333						
31125600	291.5722497						
31136400	291.6485						
31147200	291.735917						
31158000	291.835584						
31168800	291.7651671						
31179600	291.5893331						
31190400	291.4079166						
31201200	291.2630004						
31212000	291.1261666						
31222800	291.0840831						
31233600	291.16125						
31244400	291.2483461						
31255200	291.1476667						
31266000	291.0157495						
31276800	290.9089165						
31287600	290.8498341						
31298400	290.7350003						
31309200	290.6499167						
31320000	290.5544163						
31330800	290.5499996						
31341600	290.465416						
31352400	290.3941668						
31363200	290.2951215						
31374000	290.1715001						
31384800	290.0171662						
31395600	289.9501659						
31406400	289.9548326						
31417200	290.0074161						
31428000	289.9344161						
31438800	289.8500008						
31449600	289.8500008						
31460400	289.7676671						
31471200	289.7500004						
31482000	289.7500004						
31492800	289.7500004						
31503600	289.7500004						
31514400	289.7160836						
31525200	289.5946665						
31536000	289.5066661						
31546800	289.4231664						
31557600	289.3514174						
31568400	289.321084						
31579200	289.2550004						
31590000	289.3499174						
31600800	289.3688338						
31611600	289.3500008						
