Time;Hall2Offset;Hall2Radiation
0;13.23928571;297.8722857
10800;12.92558469;298.1210135
21600;13.1641791;297.8611585
32400;12.91994282;297.6735168
43200;13.06410256;297.6425926
54000;12.82348754;297.6902847
64800;12.85957447;297.8185106
75600;12.98152097;298.2576759
86400;13.80071174;298.6374021
97200;13.83059328;298.6595783
108000;13.27142857;298.1583571
118800;13.25907473;297.9519217
129600;13.76961484;298.0691869
140400;13.5921875;298.2046094
151200;13.59431901;298.3599053
162000;13.99781341;299.1469388
172800;13.73279649;299.4298098
183600;13.76889535;299.2114826
194400;13.88677867;298.7513879
205200;13.38965768;298.2078296
216000;13.78993435;297.9149891
226800;13.54412837;297.7955872
237600;13.83091437;298.0982583
248400;14.01892285;299.3466521
259200;14.64488017;299.8229121
270000;14.30589949;299.4372542
280800;14.83770015;298.9395197
291600;14.62264151;298.4029753
302400;14.2943314;298.1178052
313200;14.27927273;297.9340727
324000;13.56790123;297.5771605
334800;13.61309091;297.5851273
345600;14.03270349;297.9284884
356400;13.37300435;296.422061
367200;12.80072727;296.6140727
378000;13.40566038;297.0617562
388800;13.11918605;297.1539971
399600;13.5203193;297.2629173
410400;13.05797101;297.4441304
421200;12.99127907;298.0715686
432000;13.54354136;298.83418
442800;13.87244898;298.7768222
453600;14.07418182;298.3878182
464400;13.98766328;297.8264151
475200;13.568;297.4378545
486000;13.65211063;297.1960699
496800;13.5065407;297.2688227
507600;14.12718023;298.3272529
518400;14.01886792;298.0162554
529200;13.38036364;296.2655636
540000;13.208;297.027907
550800;13.40566038;297.0490566
561600;13.48654545;297.0806909
572400;13.50472041;297.2215323
583200;13.30758017;296.6440962
594000;11.74891147;294.2733672
604800;12.49891383;295.4355177
615600;12.13963636;294.5686909
626400;12.45612763;295.8337563
637200;12.50836364;296.4040364
648000;12.74746009;296.6259797
658800;12.85506191;296.7484705
669600;13.00800582;296.8261281
680400;13.36891794;297.6325708
691200;13.7833698;298.031984
702000;13.25108853;297.7788099
712800;12.71023965;297.4624909
723600;12.54803493;297.35
734400;12.31831395;297.3710029
745200;12.15306122;297.45
756000;12.34640523;297.6614016
766800;11.90559187;296.4867466
777600;11.90981818;296.5795273
788400;11.04578488;295.4149709
799200;11.47161572;296.3821689
810000;11.91715116;296.6922965
820800;12.35094067;296.9598408
831600;12.29090909;297.1846182
842400;12.27285922;297.4539187
853200;12.80376539;298.1104634
864000;12.3701016;298.1370102
874800;12.56095791;297.2281567
885600;12.56136529;297.3865287
896400;13.03770848;297.3500725
907200;12.76995646;297.35
918000;13.06894049;297.3650943
928800;13.30217391;297.5502174
939600;13.06535948;298.35
950400;13.67173913;299.4247826
961200;13.39927536;298.7552899
972000;13.26361656;298.5423021
982800;13.2973169;298.3704496
993600;13.01527273;298.2392364
1004400;12.81277213;298.1734398
1015200;13.11521739;298.3942029
1026000;12.75382374;299.3181719
1036800;13.62481858;299.6171263
1047600;13.7933285;299.328913
1058400;13.87755102;298.9572833
1069200;13.53623188;298.7018841
1080000;13.82643428;298.6043936
1090800;13.76995646;298.6346154
1101600;14.02101449;298.7638406
1112400;14.35875091;299.2420116
1123200;14.54281567;299.3870827
1134000;14.14785142;299.0871449
1144800;14.31227306;298.8757081
1155600;13.72008702;298.85
1166400;13.97672727;298.85
1177200;13.95431472;298.85
1188000;14.28882438;298.8921626
1198800;14.35116805;299.3216654
1209600;14.58810888;299.1861748
1220400;13.88442211;298.4484207
1231200;13.99856836;298.55
1242000;14.06384505;298.5375269
1252800;14.16857143;298.4360814
1263600;13.91385499;298.2992462
1274400;13.55643422;298.6425953
1285200;14.15838733;298.9440245
1296000;14.46523669;299.3495562
1306800;14.03584229;298.994086
1317600;13.6313529;298.8590909
1328400;13.6078853;298.5153763
1339200;13.84116809;298.2871083
1350000;13.82293907;298.25
1360800;13.90792291;298.3408637
1371600;13.78984989;298.1961758
1382400;12.79124821;295.8893113
1393200;12.47772989;296.1193247
1404000;12.92826399;297.0379484
1414800;13.17469446;297.3997484
1425600;13.2804878;297.5960545
1436400;13.68292683;297.6961263
1447200;13.85969936;297.9339656
1458000;12.57163743;297.3825292
1468800;11.93271296;297.6467788
1479600;11.56106322;295.3721983
1490400;12.07084871;296.9546494
1501200;12.31654676;297.0809353
1512000;12.25716332;297.208596
1522800;11.59277978;297.3631408
1533600;11.83021583;297.5397842
1544400;11.93669065;298.0078417
1555200;12.2218234;297.9943647
1566000;12.19655667;297.6842181
1576800;12.45971223;297.4135252
1587600;12.65232975;297.2012545
1598400;12.73007897;297.15
1609200;12.30525558;297.2458243
1620000;12.12106017;297.5834527
1630800;12.07636888;298.756268
1641600;12.70028818;299.4778098
1652400;12.22740316;298.9776901
1663200;12.28458213;298.2906048
1674000;12.20331651;297.8006849
1684800;12.63590844;297.62103
1695600;12.4445245;297.65
1706400;12.76525485;297.9007538
1717200;13.22678186;299.0103312
1728000;13.3666427;299.559849
1738800;13.84909747;299.1645126
1749600;13.84909747;298.4619856
1760400;13.21982759;297.9774946
1771200;12.89598278;297.6894548
1782000;12.97408207;297.6152988
1792800;12.1558908;296.945546
1803600;10.93952484;294.9322174
1814400;10.95680346;295.5258273
1825200;11.66234701;295.3844132
1836000;12.17816092;295.3157328
1846800;12.34601579;296.5933597
1857600;12.45638068;297.3569214
1868400;12.91833811;297.6138968
1879200;12.82242991;297.7974479
1890000;12.20390456;295.9639552
1900800;12.27874564;296.9533101
1911600;11.9382716;296.8966392
1922400;11.77966102;297.1899718
1933200;11.75671853;297.3286421
1944000;12.11095406;297.4013074
1954800;12.34134276;297.4444876
1965600;12.25339367;297.3864253
1976400;12.25339367;297.3864253
1987200;12.65225066;298.0206973
1998000;12.45294118;297.9613235
2008800;12.31180401;297.7795252
2019600;12.48888889;297.7503704
2030400;12.26874536;297.8324053
2041200;12.37009623;297.880866
2052000;12.83949704;297.9528107
2062800;13.21275019;298.2513343
2073600;12.91468683;298.5058315
2084400;13.48611111;298.3611842
2095200;13.21627188;298.1208891
2106000;13.3787307;298.05
2116800;13.27731959;298.05
2127600;13.22084623;298.0500688
2138400;13.27737727;298.1623241
2149200;13.41112124;298.6434366
2160000;13.62802276;298.7216216
2170800;13.37481591;298.5675994
2181600;13.37916064;298.516932
2192400;13.19580925;298.4710983
2203200;13.47719044;298.5506517
2214000;13.54558611;298.6087554
2224800;13.45914678;298.55
2235600;13.35797101;298.6030435
2246400;12.84104046;298.0005058
2257200;12.89645185;298.4158219
2268000;13.20231214;298.6553468
2278800;13.23227207;298.80767
2289600;13.14192614;298.9262491
2300400;13.53256151;299.0498553
2311200;13.33671253;299.1408762
2322000;13.19956616;299.3741504
2332800;13.32972583;299.698557
2343600;13.16751269;299.5331762
2354400;13.48843931;299.3401012
2365200;13.93068592;299.1216968
2376000;13.8769008;298.9654236
2386800;14.00072307;298.9607014
2397600;13.86468886;299.0745297
2408400;12.93935018;297.5070397
2419200;13.11199422;297.562211
2430000;12.99855177;298.0140116
2440800;13.51587302;298.4601732
2451600;13.73222061;298.55
2462400;13.81936416;298.524711
2473200;13.65679191;298.4393786
2484000;13.63939175;298.5174149
2494800;13.66136035;298.6484805
2505600;14.35818713;299.402924
2516400;13.89218524;299.3280753
2527200;13.39246923;299.0641202
2538000;13.70899855;298.95
2548800;13.40303907;298.8667873
2559600;13.50724638;298.85
2570400;14.08405797;298.8763043
2581200;13.3899049;297.5585589
2592000;12.21888726;296.543631
2602800;13.21144098;297.2098841
2613600;13.17221418;297.7195369
2624400;13.33817126;297.8960813
2635200;13.49421129;298.0113603
2646000;13.4934688;298.1481858
2656800;13.93989862;298.1625272
2667600;13.64513734;297.5402747
2678400;13.28445748;297.2920821
2689200;13.52094048;297.0148053
2700000;13.49744712;297.2745806
2710800;13.35087719;297.4576754
2721600;13.47549378;297.6495611
2732400;13.19868035;297.8022727
2743200;13.08521486;297.9467225
2754000;13.22922374;298.2976712
2764800;12.30673499;296.7035139
2775600;12.71358543;297.0070028
2786400;13.16383413;297.4897009
2797200;13.26616746;297.4669503
2808000;13.48231293;297.452449
2818800;13.30591434;297.5433379
2829600;13.34604905;297.6811989
2840400;13.70105605;298.2366775
2851200;13.69491525;298.5714689
2862000;13.95454545;298.4306818
2872800;13.81920904;298.1460452
2883600;13.36723164;297.9454802
2894400;13.34090909;297.85
2905200;13.66101695;297.9567797
2916000;13.65909091;298.1369318
2926800;13.48587571;298.3833333
2937600;13.64971751;298.55
2948400;14.23295455;298.4545455
2959200;13.51412429;298.35
2970000;13.62711864;298.35
2980800;14.34659091;298.35
2991600;13.85310734;298.35
3002400;14.53977273;298.35
3013200;13.76271186;297.3364407
3024000;13;296.8106061
3034800;12.84115523;297.9965704
3045600;13.43881857;298.0833333
3056400;13.43881857;298.0833333
3067200;13.43881857;298.0833333
3078000;13.43881857;298.0833333
3088800;13.43881857;298.0833333
3099600;13.32608696;296.4217391
3110400;12.22028986;295.8917391
3121200;13.02305476;297.6791066
3132000;13.34971098;297.9144509
3142800;13.73121387;297.8346821
3153600;14.1416185;297.9638728
3164400;13.86918605;298.1037791
3175200;13.95965418;298.2257925
3186000;13.63583815;298.4849711
3196800;14.04624277;298.7650289
3207600;14.15895954;297.9323699
3218400;13.65895954;297.684104
3229200;13.90778098;298.1180115
3240000;13.77456647;298.2184971
3250800;13.64739884;298.2682081
3261600;13.93063584;298.3566474
3272400;12.93063584;295.5794798
3283200;12.76080692;295.9707493
3294000;13.36127168;297.5601156
3304800;13.35260116;297.7485549
3315600;13.75722543;297.75
3326400;13.70809249;297.75
3337200;13.34870317;297.7730548
3348000;13.28034682;297.8991329
3358800;12.89705882;298.2294118
3369600;12.74235808;296.8997817
3380400;12.16184971;296.1806358
3391200;12.46531792;297.6369942
3402000;12.70809249;297.7069364
3412800;12.52737752;297.8618156
3423600;12.67630058;298.0803468
3434400;12.85260116;298.2820809
3445200;13.20809249;298.4875723
3456000;13.73410405;298.6473988
3466800;13.46685879;298.65
3477600;13.71676301;298.6696532
3488400;13.80057803;298.7471098
3499200;13.79768786;298.7427746
3510000;13.53179191;298.8011561
3520800;13.82708934;298.8399135
3531600;13.62716763;298.9231214
3542400;13.64450867;298.9965318
3553200;14.04046243;299.0072254
3564000;14.49132948;299.0153179
3574800;14.28818444;299.1618156
3585600;14.39884393;299.150289
3596400;14.22254335;299.15
3607200;13.80057803;298.7612717
3618000;13.40751445;298.2777457
3628800;13.51008646;298.0116715
3639600;13.69364162;297.7725434
3650400;13.77456647;298.2846821
3661200;14.3150289;298.5693642
3672000;14.61560694;298.6933526
3682800;14.49567723;299.0670029
3693600;14.35260116;299.2008671
3704400;14.44219653;299.5346821
3715200;14.22157434;299.1421283
3726000;14.43352601;297.9057803
3736800;13.26011561;297.3130058
3747600;13.92795389;298.0306916
3758400;13.68786127;298.2485549
3769200;14.05202312;298.6147399
3780000;14.00867052;298.2812139
3790800;13.14739884;297.4867052
3801600;13.26512968;298.7733429
3812400;13.41690962;298.9284257
3823200;13.73121387;298.75
3834000;13.8699422;298.6855491
3844800;13.87861272;298.65
3855600;14.13256484;298.7113833
3866400;14.06936416;298.7517341
3877200;14.10115607;299.1517341
3888000;13.66763006;298.4716763
3898800;12.56559767;297.0963557
3909600;14.02305476;298.6266571
3920400;13.96531792;298.6803468
3931200;13.6734104;298.6112717
3942000;13.62716763;298.6919075
3952800;13.6849711;298.8378613
3963600;13.7925072;299.2038905
3974400;13.76261128;297.3215134
3985200;13.70262391;298.1027697
3996000;13.9132948;298.4393064
4006800;13.67630058;298.2800578
4017600;13.65895954;298.3606936
4028400;13.29682997;297.9027378
4039200;13.00289017;296.4693642
4050000;12.44508671;295.5031792
4060800;12.58381503;294.9456647
4071600;11.77745665;294.4271676
4082400;12.06051873;293.9845821
4093200;12.02601156;293.6046243
4104000;11.59537572;293.2514451
4114800;11.45086705;292.933237
4125600;10.92196532;292.6421965
4136400;10.35446686;292.5580692
4147200;10.29768786;292.7312139
4158000;10.60693642;292.2491329
4168800;10.13294798;291.6881503
4179600;9.904624277;291.3855491
4190400;9.641618497;290.9508671
4201200;9.190201729;290.4514409
4212000;9.072254335;290.0884393
4222800;9.072254335;290.8465318
4233600;9.072254335;291.349422
4244400;9.072254335;291.032948
4255200;9.072254335;290.8961095
4266000;9.072254335;291.4820809
4276800;9.072254335;290.8988439
4287600;9.072254335;289.8578035
4298400;9.072254335;288.9260355
4309200;9.072254335;292.4401734
4320000;9.072254335;294.5976879
4330800;9.072254335;294.321118
4341600;9.072254335;294.4854467
4352400;9.072254335;293.3526012
4363200;9.072254335;291.7641618
4374000;9.072254335;290.8277457
4384800;9.072254335;290.3289625
4395600;9.072254335;290.171345
4406400;9.072254335;293.0217201
4417200;9.072254335;294.1600865
4428000;9.072254335;294.298415
4438800;9.072254335;294.4295389
4449600;9.072254335;294.6347262
4460400;9.072254335;294.842219
4471200;9.072254335;293.7623028
4482000;9.072254335;291.4600865
4492800;9.072254335;291.7214697
4503600;9.072254335;291.6255043
4514400;9.072254335;292.2522989
4525200;9.072254335;293.5845821
4536000;9.072254335;294.2338617
4546800;9.072254335;294.7871758
4557600;9.072254335;295.3678674
4568400;9.072254335;296.609366
4579200;9.072254335;297.5623919
4590000;9.072254335;297.7791066
4600800;9.072254335;297.4554755
4611600;9.072254335;297.2822767
4622400;9.072254335;297.25
4633200;9.072254335;297.2108069
4644000;9.072254335;297.1681034
4654800;9.072254335;297.6776657
4665600;9.072254335;298.3776657
4676400;9.072254335;298.1021614
4687200;9.072254335;297.595245
4698000;9.072254335;297.3805476
4708800;9.072254335;297.2716138
4719600;9.072254335;297.298415
4730400;9.072254335;297.4755747
4741200;9.072254335;298.2370317
4752000;9.072254335;298.9413545
4762800;9.072254335;299.1837176
4773600;9.072254335;299.05
4784400;9.072254335;298.9436599
4795200;9.072254335;298.85
4806000;9.072254335;298.7857349
4816800;9.072254335;298.6963977
4827600;9.072254335;298.6214697
4838400;9.072254335;297.2099424
4849200;9.072254335;296.8253623
4860000;9.072254335;297.6474063
4870800;9.072254335;297.8534582
4881600;9.072254335;297.9226225
4892400;9.072254335;297.85
4903200;9.072254335;297.85
4914000;9.072254335;296.6364943
4924800;9.072254335;297.6698847
4935600;9.072254335;297.9821981
4946400;9.072254335;297.8626437
4957200;9.072254335;297.7638329
4968000;9.072254335;297.75
4978800;9.072254335;297.7618156
4989600;9.072254335;297.8972622
5000400;9.072254335;298.3958213
5011200;9.072254335;298.6081395
5022000;9.072254335;297.9963977
5032800;9.072254335;298.05
5043600;9.072254335;298.05
5054400;9.072254335;298.05
5065200;9.072254335;298.0367052
5076000;9.072254335;298.0664265
5086800;9.072254335;298.4419075
5097600;9.072254335;298.7808357
5108400;9.072254335;298.8198551
5119200;9.072254335;298.5856522
5130000;9.072254335;298.4110951
5140800;9.072254335;298.35
5151600;9.072254335;298.2773775
5162400;9.072254335;298.25
5173200;9.072254335;298.3387283
5184000;9.072254335;298.5595101
5194800;9.072254335;298.5329971
5205600;9.072254335;298.3950867
5216400;9.072254335;298.2491354
5227200;9.072254335;298.1294798
5238000;9.072254335;298.0497118
5248800;9.072254335;298.1404624
5259600;9.072254335;298.3180115
5270400;9.072254335;298.5197406
5281200;9.072254335;298.4528902
5292000;9.072254335;298.2396254
5302800;9.072254335;298.15
5313600;9.072254335;298.1966859
5324400;9.072254335;298.1627168
5335200;9.072254335;298.2059078
5346000;9.072254335;298.35
5356800;9.072254335;298.4971098
5367600;9.072254335;298.539049
5378400;9.072254335;298.45
5389200;9.072254335;298.3932277
5400000;9.072254335;298.2517341
5410800;9.072254335;298.1543228
5421600;9.072254335;298.1396254
5432400;9.072254335;298.1893064
5443200;9.072254335;298.2445245
5454000;9.072254335;298.1387283
5464800;9.072254335;297.9580925
5475600;9.072254335;297.8727666
5486400;9.072254335;298.0260116
5497200;9.072254335;298.2116715
5508000;9.072254335;298.3283862
5518800;9.072254335;298.966185
5529600;9.072254335;299.4646974
5540400;9.072254335;299.1972622
5551200;9.072254335;298.7901734
5562000;9.072254335;298.6393372
5572800;9.072254335;298.65
5583600;9.072254335;298.676513
5594400;9.072254335;298.8299419
5605200;9.072254335;299.1101156
5616000;9.072254335;299.0361671
5626800;9.072254335;298.8920749
5637600;9.072254335;298.6978134
5648400;9.072254335;298.65
5659200;9.072254335;298.65
5670000;9.072254335;298.6066474
5680800;9.072254335;298.55
5691600;9.072254335;298.6144509
5702400;9.072254335;298.6320809
5713200;9.072254335;298.4638329
5724000;9.072254335;298.3017341
5734800;9.072254335;298.25
5745600;9.072254335;298.25
5756400;9.072254335;298.2963977
5767200;9.072254335;298.4060694
5778000;9.072254335;298.6789017
5788800;9.072254335;298.8402017
5799600;9.072254335;298.85
5810400;9.072254335;298.85
5821200;9.072254335;298.85
5832000;9.072254335;298.7943804
5842800;9.072254335;298.6765896
5853600;9.072254335;298.55
5864400;9.072254335;298.5520231
5875200;9.072254335;298.5099424
5886000;9.072254335;298.2897695
5896800;9.072254335;298.1054913
5907600;9.072254335;297.995245
5918400;9.072254335;297.95
5929200;9.072254335;297.9116715
5940000;9.072254335;297.85
5950800;9.072254335;297.9471182
5961600;9.072254335;298.1010086
5972400;9.072254335;298.0682081
5983200;9.072254335;298.05
5994000;9.072254335;298.1156069
6004800;9.072254335;298.1502882
6015600;9.072254335;298.1476879
6026400;9.072254335;298.0465418
6037200;9.072254335;298.0698847
6048000;9.072254335;298.1942197
6058800;9.072254335;298.2376081
6069600;9.072254335;298.2260116
6080400;9.072254335;298.2574928
6091200;9.072254335;298.1646974
6102000;9.072254335;298.2049133
6112800;9.072254335;298.2857349
6123600;9.072254335;298.217341
6134400;9.072254335;298.2603746
6145200;9.072254335;298.0101156
6156000;9.072254335;298.2479827
6166800;9.072254335;298.25
6177600;9.072254335;298.3396254
6188400;9.072254335;298.3845821
6199200;9.072254335;298.4572254
6210000;9.072254335;297.9916667
6220800;9.072254335;297.6627976
6231600;9.072254335;297.7711594
6242400;9.072254335;298.0369942
6253200;9.072254335;298.0111594
6264000;9.072254335;297.95
6274800;9.072254335;298.0227536
6285600;9.072254335;298.0777457
6296400;9.072254335;297.8757225
6307200;9.072254335;297.8331395
6318000;9.072254335;297.6897101
6328800;9.072254335;298.0066474
6339600;9.072254335;298.149711
6350400;9.072254335;298.1253623
6361200;9.072254335;298.0528902
6372000;9.072254335;298.123913
6382800;9.072254335;298.1286127
6393600;9.072254335;297.8598266
6404400;9.072254335;298.2282609
6415200;9.072254335;298.299711
6426000;9.072254335;298.2381159
6436800;9.072254335;298.15
6447600;9.072254335;298.1728986
6458400;9.072254335;298.1780347
6469200;9.072254335;298.627971
6480000;9.072254335;298.949711
6490800;9.072254335;298.6384058
6501600;9.072254335;298.4416185
6512400;9.072254335;298.35
6523200;9.072254335;298.3821739
6534000;9.072254335;298.45
6544800;9.072254335;298.3711594
6555600;9.072254335;298.7063584
6566400;9.072254335;298.9972464
6577200;9.072254335;298.8144509
6588000;9.072254335;298.6612717
6598800;9.072254335;298.65
6609600;9.072254335;298.5601156
6620400;9.072254335;298.483237
6631200;9.072254335;296.7297101
6642000;12.28323699;296.7979769
6652800;12.43188406;297.6427536
6663600;13.36416185;298.1028902
6674400;13.14450867;298.382948
6685200;13.05797101;298.4088406
6696000;13.45375723;298.349711
6706800;13.64637681;298.35
6717600;13.80635838;298.4306358
6728400;12.75144509;297.8280347
6739200;12.31884058;298.3676812
6750000;12.93002915;299.0937318
6760800;13.12173913;299.1137681
6771600;12.46820809;298.8843931
6782400;12.85217391;298.8827536
6793200;12.91907514;298.8852601
6804000;13.12173913;298.6285507
6814800;11.88011696;295.2216374
6825600;11.35362319;296.1876812
6836400;11.02890173;296.1884393
6847200;11.63768116;297.4398551
6858000;12.27456647;297.5060694
6868800;11.94782609;297.6189855
6879600;12.26300578;297.7907514
6890400;12.3150289;297.9132948
6901200;12.49855072;298.0482609
6912000;12.7716763;298.6861272
6922800;12.94328358;298.9625373
6933600;12.95953757;298.7621387
6944400;13.28115942;298.6610145
6955200;13.29190751;298.4343931
6966000;12.75942029;298.2955072
6976800;12.65317919;298.5078035
6987600;12.6057971;298.836087
6998400;11.99710983;297.0271676
7009200;11.73333333;297.7476812
7020000;12.45086705;298.2
7030800;12.5942029;298.25
7041600;12.30635838;298.3343931
7052400;12.78612717;298.3462428
7063200;12.72463768;298.4410145
7074000;12.58381503;298.6251445
7084800;12.78550725;298.7485507
7095600;13.10982659;298.7549133
7106400;13.45797101;298.75
7117200;13.38150289;298.6554913
7128000;13.76300578;298.4349711
7138800;13.1884058;298.4073913
7149600;13.16473988;298.4736994
7160400;12.87826087;298.7068116
7171200;12.84971098;298.9312139
7182000;13.47398844;298.8933526
7192800;13.02608696;298.8497101
7203600;13.15317919;298.85
7214400;13.53043478;298.85
7225200;13.69942197;298.8774566
7236000;13.45375723;298.9852601
7246800;13.06666667;299.0714493
7257600;12.47687861;297.3306358
7268400;12.72434018;298.4972141
7279200;13.32080925;298.8286127
7290000;13.37391304;298.4998551
7300800;13.55202312;298.6846821
7311600;13.75144509;298.8748555
7322400;13.97067449;298.9834311
7333200;13.74926254;299.5685841
7344000;13.40751445;298.499711
7354800;12.04637681;296.3505797
7365600;13.08381503;297.7283237
7376400;13.26956522;297.814058
7387200;12.5982659;297.932948
7398000;13.32173913;298.256087
7408800;13.48265896;298.4361272
7419600;13.47826087;298.67
7430400;14.3150289;300.6104046
7441200;13.5942029;298.0111594
7452000;14.14739884;298.7875723
7462800;13.55491329;298.65
7473600;13.49855072;298.6995652
7484400;13.96531792;298.7575145
7495200;13.74492754;298.9001449
7506000;14.15028902;299.2586705
7516800;13.87246377;299.1630435
7527600;13.30057803;298.1901734
7538400;12.99132948;298.0546243
7549200;12.82898551;298.5946377
7560000;13.38150289;298.6745665
7570800;13.89565217;298.75
7581600;13.58092486;298.1407514
7592400;12.33526012;296.4260116
7603200;12.67826087;298.0914493
7614000;13.24277457;299.3393064
7624800;13.92173913;299.8082609
7635600;13.92485549;299.3566474
7646400;13.94492754;299.0653623
7657200;13.74566474;299.0026012
7668000;13.51734104;299.1424855
7678800;13.91304348;299.8671014
7689600;12.98265896;300.1442197
7700400;13.53043478;300.1923188
7711200;13.58092486;300.0864162
7722000;13.45953757;300.05
7732800;13.67536232;300.05
7743600;13.40462428;300.0962428
7754400;13.65797101;300.1772464
7765200;13.7716763;300.3540462
7776000;14.04624277;300.45
7786800;14.26666667;300.45
7797600;14.48265896;300.45
7808400;14.12753623;300.4868116
7819200;14.44219653;300.55
7830000;14.13583815;300.55
7840800;14.26086957;300.1491304
7851600;13.51734104;298.4898844
7862400;13.14492754;297.8891304
7873200;13.11538462;297.4434615
7884000;13.05780347;298.7731214
7894800;13.60289855;299.316087
7905600;13.77456647;299.4395954
7916400;13.07826087;299.5323188
7927200;13.23988439;299.8407514
7938000;13.32753623;299.9842029
7948800;13.39595376;300.6213873
7959600;13.27619048;298.222381
7970400;12.57401813;298.7871601
7981200;13.03188406;299.2705797
7992000;13.45953757;299.4615607
8002800;13.67536232;299.5926087
8013600;13.95953757;299.7632948
8024400;13.92196532;300.3476879
8035200;14.35362319;300.5723188
8046000;14.45953757;300.3306358
8056800;14.28405797;300.15
8067600;14.26589595;300.15
8078400;14.15072464;300.1778261
8089200;13.88439306;300.2812139
8100000;14.40462428;300.4205202
8110800;14.29275362;300.7534783
8121600;14.16473988;300.3653179
8132400;12.8173913;296.2317391
8143200;12.3265896;296.8236994
8154000;13.60869565;298.6737681
8164800;14.01156069;299.0254335
8175600;14.23699422;299.0910405
8186400;13.92463768;299.0757971
8197200;13.3699422;299.7300578
8208000;13.77391304;300.1276812
8218800;14.00289017;299.6361272
8229600;13.72463768;299.8981159
8240400;13.65606936;299.8277457
8251200;13.36705202;299.6708092
8262000;13.29855072;299.65
8272800;13.74566474;299.6687861
8283600;13.39130435;299.8697101
8294400;13.51594203;300.1323188
8305200;13.69653179;300.1078035
8316000;13.8699422;299.9184971
8326800;13.92196532;299.8945087
8337600;14.07514451;299.7742775
8348400;14.02028986;299.7508696
8359200;13.25722543;299.9228324
8370000;13.59537572;300.3806358
8380800;13.96531792;300.8141618
8391600;14.24566474;300.6921965
8402400;13.91304348;300.6282609
8413200;14.0433526;300.4517341
8424000;13.84104046;300.3433526
8434800;14.27456647;300.3106936
8445600;14.49132948;300.3783237
8456400;13.43768116;298.8789855
8467200;12.06647399;296.650289
8478000;13.41618497;298.499422
8488800;12.93043478;297.8604348
8499600;12.75433526;297.2245665
8510400;13.14450867;298.4132948
8521200;13.32947977;298.6060694
8532000;13.03757225;298.9343931
8542800;13.52173913;299.4615942
8553600;13.47976879;299.0635838
8564400;12.99421965;297.3236994
8575200;13.07514451;297.8867052
8586000;13.57225434;298.6106936
8596800;13.22028986;298.65
8607600;13.26878613;298.6277457
8618400;12.84927536;298.8786957
8629200;13.2173913;299.1668116
8640000;12.61046512;298.3215116
8650800;11.44642857;297.3107143
8661600;11.75433526;298.050289
8672400;12.78550725;298.327971
8683200;12.66184971;298.449422
8694000;12.54202899;298.5328986
8704800;12.62608696;298.5711594
8715600;12.31034483;298.9242947
8726400;12.55362319;298.8618841
8737200;12.52023121;300.0708092
8748000;12.9826087;299.6213043
8758800;13.54046243;299.4523121
8769600;12.97101449;298.9986957
8780400;12.54913295;298.0132948
8791200;12.13623188;298.9369565
8802000;12.17630058;299.249711
8812800;12.17391304;297.8163768
8823600;11.39306358;296.6872832
8834400;11.59710145;298.4798551
8845200;12.02890173;298.6427746
8856000;12.12463768;298.55
8866800;12.46531792;298.6317919
8877600;12.67052023;298.7127168
8888400;12.61449275;298.1326087
8899200;12.28323699;298.867341
8910000;12.02898551;298.6071014
8920800;12.60404624;299.167341
8931600;13.12463768;299.194058
8942400;12.89306358;299.116474
8953200;12.65797101;299.1357971
8964000;12.73121387;299.0757225
8974800;12.28695652;299.1213043
8985600;12.1300578;297.7881503
8996400;12.22028986;298.7308696
9007200;11.57514451;298.8384393
9018000;11.60115607;298.7245665
9028800;11.91594203;298.65
9039600;11.8583815;298.7635838
9050400;12.31304348;298.7986957
9061200;12.17052023;299.7528902
9072000;11.8173913;297.5305797
9082800;11.61560694;297.8222543
9093600;12.5;298.0020231
9104400;12.53043478;298.443913
9115200;12.09537572;298.45
9126000;12.13872832;298.45
9136800;12.07536232;298.6436232
9147600;11.79768786;297.7375723
9158400;11.31884058;297.8952174
9169200;11.3699422;298.0075145
9180000;12.05507246;298.6731884
9190800;11.67630058;298.384104
9201600;11.94202899;298.2807246
9212400;11.68786127;298.3783237
9223200;11.84682081;298.7239884
9234000;11.75942029;297.5308696
9244800;11.72619048;296.6017857
9255600;12.00589971;297.9774336
9266400;12.25217391;298.1068116
9277200;12.72753623;297.9082609
9288000;12.93352601;297.765896
9298800;13.02023121;297.8867052
9309600;12.90434783;298.4630435
9320400;13.49565217;299.8186957
9331200;13.52023121;299.4364162
9342000;13.06358382;299.0355491
9352800;13.23188406;299.0963768
9363600;13.34971098;299.0378613
9374400;13.6;299.0685507
9385200;13.34682081;299.0783237
9396000;13.55362319;298.7317391
9406800;13.34682081;298.8265896
9417600;12.49565217;296.5911594
9428400;12.56936416;298.4947977
9439200;12.80924855;298.8421965
9450000;12.33913043;298.6891304
9460800;12.38150289;298.566763
9471600;12.4115942;298.5949275
9482400;12.37861272;298.6965318
9493200;13.09275362;298.9386957
9504000;13.19653179;299.4069364
9514800;13.55362319;298.3821739
9525600;13.12427746;298.1482659
9536400;13.11304348;298.9549275
9547200;13.45953757;298.9939306
9558000;13.7942029;299.0201449
9568800;14.22318841;299.0798551
9579600;14.02608696;299.3615942
9590400;13.95375723;299.8026012
9601200;14.02601156;300.0552023
9612000;14.11884058;299.4473913
9622800;13.78612717;299.1488439
9633600;13.35652174;298.9207246
9644400;13.21098266;298.8054913
9655200;13.19942197;298.9945087
9666000;12.46461538;295.398
9676800;11.37391304;295.6546377
9687600;11.93352601;296.1647399
9698400;12.84637681;296.9749275
9709200;12.43352601;297.3482659
9720000;12.61449275;297.4062319
9730800;12.59537572;297.5508671
9741600;12.8150289;298.0531792
9752400;12.66376812;299.076087
9763200;11.42774566;295.0375723
9774000;10.14492754;293.7868116
9784800;11.43930636;295.9306358
9795600;11.76811594;296.5236232
9806400;11.90751445;296.6647399
9817200;11.95072464;296.8665217
9828000;11.63872832;297.2572254
9838800;10.89307412;292.7496355
9849600;10.63041289;292.6572508
9860400;9.737903226;291.2133065
9871200;9.46223565;292.4739678
9882000;10.48338369;294.3916918
9892800;10.68850806;294.9949597
9903600;10.76132931;295.4873615
9914400;11.22278226;296.0060484
9925200;11.06747231;296.7593656
9936000;11.15721232;296.1091572
9946800;10.45401174;295.4840509
9957600;11.40429688;297.0070313
9968400;11.31311155;296.8963796
9979200;11.63476563;296.8591797
9990000;11.83170254;296.9813112
10000800;11.8203125;297.3884766
10011600;11.70588235;294.8464706
10022400;11.31702544;295.3740705
10033200;11.01953125;294.1341797
10044000;11.44031311;295.7558708
10054800;11.18590998;296.2165362
10065600;11.25195313;296.4453125
10076400;11.52250489;296.6394325
10087200;11.76953125;296.8203125
10098000;11.7964775;297.0161448
10108800;12.05078125;297.4292969
10119600;11.84540117;297.3687867
10130400;12.2739726;297.4642857
10141200;12.04882813;297.6941406
10152000;12.11350294;297.65
10162800;12.078125;297.65
10173600;12.00978474;297.6995108
10184400;12.09765625;297.8992188
10195200;12.28710938;298.1880859
10206000;12.3444227;298.1869863
10216800;12.45596869;298.0895303
10227600;11.83007813;297.9839844
10238400;11.97064579;297.8995108
10249200;12.3125;297.9498047
10260000;12.28180039;298.0092955
10270800;12.88671875;298.5167969
10281600;12.80234834;299.0292564
10292400;13.1875;299.1720703
10303200;13.40900196;298.8556751
10314000;13.60469667;298.7501957
10324800;13.4609375;298.7019531
10335600;13.3776908;298.7480431
10346400;12.95898438;298.7802734
10357200;12.36790607;298.3912916
10368000;12.13476563;297.7994141
10378800;11.87084149;295.6216243
10389600;11.25390625;294.5482422
10400400;12.54794521;296.6026419
10411200;12.60742188;297.0652344
10422000;12.8962818;297.3165362
10432800;13.28180039;297.7944227
10443600;13.16601563;298.9644531
10454400;12.6989936;297.7829369
10465200;12.56348548;297.3002075
10476000;12.77510373;297.1665975
10486800;13.07410491;297.5474188
10497600;13.18755257;297.6410849
10508400;12.88358459;297.7882747
10519200;12.76421405;298.0194816
10530000;13.21619366;297.9757095
10540800;13.13572023;298.5784763
10551600;12.40617181;298.079191
10562400;12.50623441;298.3740233
10573200;12.45107794;298.25
10584000;12.26224066;298.25
10594800;11.84385382;298.25
10605600;12.30539419;298.2587967
10616400;11.53795066;296.4380455
10627200;11.59514925;297.6624067
10638000;11.83319003;296.9242906
10648800;11.37344029;295.088057
10659600;10.43698176;295.9341625
10670400;10.86390041;296.9507469
10681200;11.56348548;297.2719087
10692000;11.72553897;297.5566335
10702800;12.09045643;298.1339004
10713600;12.35364728;298.5721607
10724400;12.25512935;298.1005798
10735200;11.89690722;298.059622
10746000;11.69451697;298.2181462
10756800;11.78772803;298.3817579
10767600;12.23817427;298.5342324
10778400;12.22074689;298.7507469
10789200;13.07634855;299.3909959
10800000;13.39087137;299.8704979
10810800;13.24054983;299.612457
10821600;13.0713686;299.2102855
10832400;12.2139219;299.1648557
10843200;12.43319502;299.15
10854000;12.593361;299.1495851
10864800;12.95273632;299.4786899
10875600;13.05394191;300.4219502
10886400;13.04610226;300.0323973
10897200;12.83903253;299.704045
10908000;12.56395349;298.0789037
10918800;12.44056525;298.4649626
10929600;12.86761032;298.6006245
10940400;13.0166251;298.675852
10951200;12.85631229;299.0806478
10962000;13.27325581;299.932309
10972800;12.53455454;298.0014571
10983600;13.39865433;299.6849874
10994400;13.29426434;299.2664589
11005200;13.06151288;299.0179135
11016000;12.7358804;298.948505
11026800;12.30066445;298.9291528
11037600;12.68713204;299.2375526
11048400;12.84070058;299.9904504
11059200;13.15684647;300.0193776
11070000;12.91037344;300.123278
11080800;13.04564315;299.6869295
11091600;13.13195021;299.3934855
11102400;13.61493776;299.2178838
11113200;13.40580913;299.2061826
11124000;13.0373444;299.6057676
11134800;13.08872305;299.5873134
11145600;11.83651452;297.4046058
11156400;11.39270568;296.756955
11167200;11.9560166;297.4620332
11178000;12.57842324;297.9602075
11188800;12.6340249;298.1185477
11199600;12.85572139;298.3773632
11210400;12.27136929;298.7263485
11221200;12.72946058;299.2924896
11232000;12.64813278;299.770332
11242800;12.8340249;299.9871784
11253600;12.66556017;299.6819502
11264400;12.54024896;299.6811203
11275200;12.89137645;299.7648425
11286000;13.14190871;299.903444
11296800;12.63983402;300.0426141
11307600;12.83236515;300.4109959
11318400;12.9153527;300.6002905
11329200;13.12365145;300.0663485
11340000;13.22802653;299.9107794
11350800;13.79253112;299.8461826
11361600;13.70041494;299.7571369
11372400;13.46307054;299.75
11383200;13.50041494;299.7958921
11394000;13.81908714;300.0829461
11404800;13.81177446;300.2583748
11415600;13.89368771;300.1781561
11426400;13.32033195;300.0306639
11437200;13.17330017;299.95
11448000;13.20248963;299.95
11458800;13.11618257;299.95
11469600;13.72946058;300.0557261
11480400;14.12282158;300.2428631
11491200;12.91037344;297.7655187
11502000;11.9677693;298.0607718
11512800;12.8473029;299.036888
11523600;13.20895522;299.15
11534400;13.15767635;299.2036929
11545200;13.04149378;299.3116598
11556000;12.98091286;299.1784647
11566800;11.8373444;296.2880913
11577600;12.26578073;296.4550664
11588400;10.89211618;294.9933195
11599200;11.98423237;297.5506639
11610000;12.33443983;298.0250207
11620800;12.58174274;298.3753112
11631600;12.73609959;298.6242739
11642400;12.3291874;298.8880597
11653200;12.8780083;299.569834
11664000;12.26141079;298.2254357
11674800;10.84813278;295.8729046
11685600;11.16099585;297.4880913
11696400;11.37759336;297.8585477
11707200;11.806639;298.4059336
11718000;12.00912863;298.5198755
11728800;11.81094527;298.7252902
11739600;12.43938091;299.2043422
11750400;13.10954357;299.376888
11761200;12.67053942;299.2508299
11772000;12.2746888;299.316473
11782800;12.13609959;298.9114108
11793600;12.10705394;298.6427801
11804400;11.79917012;298.5244398
11815200;11.56633499;298.3078773
11826000;10.58423237;295.4182158
11836800;10.24896266;296.656639
11847600;11.21659751;297.5002075
11858400;11.30290456;297.4473444
11869200;11.33167496;297.6266169
11880000;11.52116183;297.8669295
11890800;11.86556017;298.0736515
11901600;11.78423237;298.5880083
11912400;12.19253112;299.7912448
11923200;11.66750842;300.3279461
11934000;12.01413134;300.0402743
11944800;11.92165493;299.4120599
11955600;12.36016598;299.2875934
11966400;12.08457711;299.4832504
11977200;12.39004149;299.6175519
11988000;11.97842324;299.7553112
11998800;12.26141079;299.7851037
12009600;11.92039801;298.608209
12020400;12.12148594;299.7371486
12031200;12.42109635;299.3242525
12042000;12.31757877;299.172471
12052800;12.18506224;299.150083
12063600;12.81161826;299.1682573
12074400;12.8159204;299.3172471
12085200;12.65776294;299.518197
12096000;12.02175732;298.5397071
12106800;12.53988245;299.1627624
12117600;12.52680067;299.0607203
12128400;12.7090301;298.7809365
12139200;12.63514644;298.6599582
12150000;12.55351171;298.6504181
12160800;12.74356846;298.8254357
12171600;12.7199211;298.6442801
12182400;11.86678053;297.6954313
12193200;12.34688797;298.9380498
12204000;12.55472013;298.8756475
12214800;12.39729501;298.75
12225600;12.53988245;298.8718304
12236400;12.81343284;299.0598673
12247200;12.36182573;299.4695851
12258000;12.75193798;299.6849699
12268800;13.02404643;300.0694859
12279600;12.51286307;299.683195
12290400;12.58883249;299.7009306
12301200;12.73002523;299.3863331
12312000;13.05145228;299.3051037
12322800;13.17510373;299.3646058
12333600;12.99834025;299.5775519
12344400;11.6813278;293.849668
12355200;10.69474562;293.5304003
12366000;11.1526971;295.3865145
12376800;12.11378738;297.263289
12387600;12.55684647;297.5149793
12398400;12.33195021;297.6259336
12409200;12.70124481;297.676722
12420000;12.55767635;297.9547303
12430800;12.69958506;298.0187137
12441600;12.55638474;297.6573798
12452400;12.0439834;296.6578838
12463200;11.91369295;297.5417842
12474000;12.3120332;297.556473
12484800;11.77925311;297.5508299
12495600;11.9626556;297.6211203
12506400;12.18174274;298.1591286
12517200;12.90215589;299.3028192
12528000;13.14688797;299.4777178
12538800;13.33775934;299.3821992
12549600;13.43485477;298.7812033
12560400;13.62572614;298.3607054
12571200;13.36514523;298.2401245
12582000;13.12448133;298.2458506
12592800;13.15008292;298.4803483
12603600;12.64979253;296.1573859
12614400;12.6439834;298.5371369
12625200;13.29377593;298.9261826
12636000;13.56395349;298.6624585
12646800;13.98506224;298.449751
12657600;14.17344398;298.3507469
12668400;13.04896266;298.2695021
12679200;13.29294606;298.5059336
12690000;12.11037344;299.1582158
12700800;12.15518672;298.536639
12711600;12.25228216;299.4403734
12722400;12.40199336;299.2709302
12733200;12.56182573;299.1504979
12744000;12.47757475;299.0677741
12754800;12.89211618;299.05
12765600;12.67385892;299.0943154
12776400;12.91618257;299.2821162
12787200;12.41410788;298.6975519
12798000;12.61161826;298.2348963
12808800;12.66058091;298.9801245
12819600;12.50456432;298.8087552
12830400;12.5721393;298.6500829
12841200;12.33360996;298.55
12852000;12.22655602;298.6826141
12862800;12.70788382;298.8018672
12873600;12.55020747;298.7424481
12884400;11.496633;296.8664141
12895200;11.95684647;298.3510788
12906000;11.88372093;298.4637043
12916800;11.85311203;298.4642739
12927600;12.22738589;298.45
12938400;12.35518672;298.5744813
12949200;12.08215768;298.8782988
12960000;11.9526971;297.3335685
12970800;11.77261411;296.9652697
12981600;11.02738589;296.0417842
12992400;11.51701245;297.5812863
13003200;11.63704319;297.7990864
13014000;12.1153527;297.9260996
13024800;12.12697095;298.1196266
13035600;12.57178423;298.6421162
13046400;11.98755187;296.11639
13057200;11.25477178;294.6136515
13068000;11.58222591;296.2711794
13078800;11.7948505;296.8950997
13089600;11.72697095;297.0998755
13100400;11.94439834;297.316971
13111200;12.26970954;297.6523237
13122000;12.38538206;298.3398671
13132800;12.47551867;298.770332
13143600;12.22821577;298.7541494
13154400;12.30539419;298.4203734
13165200;12.66445183;298.2887874
13176000;12.7253112;298.2465145
13186800;12.86307054;298.2524896
13197600;13.29709544;298.3612033
13208400;12.65155332;298.7018892
13219200;12.75518672;299.0662656
13230000;12.73443983;299.1561411
13240800;12.75124378;299.046932
13251600;12.41742739;298.8600415
13262400;12.88113051;298.6935578
13273200;12.96102819;298.6665008
13284000;12.8439834;299.1214523
13294800;13.14605809;300.2681743
13305600;13.15767635;300.6938174
13316400;12.40497925;299.2229461
13327200;12.04726368;299.455141
13338000;12.11037344;299.1859336
13348800;12.22572614;299.0077593
13359600;12.52116183;298.9593776
13370400;12.89045643;299.7492531
13381200;12.72946058;300.669834
13392000;12.25145228;297.2982988
13402800;10.12873754;294.1635382
13413600;11.74771784;297.690166
13424400;11.86804979;298.0426141
13435200;11.94767442;298.3063123
13446000;12.15365449;298.5781561
13456800;12.3654485;298.9519103
13467600;12.00165975;298.5705809
13478400;11.22489627;297.4673444
13489200;11.9253112;297.0948963
13500000;12.76846473;298.3639419
13510800;12.85726141;298.32361
13521600;13.04643449;298.25
13532400;12.97510373;298.2917427
13543200;12.46473029;298.4459336
13554000;12.17344398;298.1051867
13564800;11.66804979;297.6268465
13575600;11.19917012;297.8385477
13586400;11.33554817;298.526412
13597200;11.55186722;298.3078423
13608000;11.56208054;298.25
13618800;11.77172061;298.3098807
13629600;11.45643154;298.7573859
13640400;12.21558872;299.4830017
13651200;11.75476388;295.8558824
13662000;11.14439834;296.9251867
13672800;11.1966805;297.75
13683600;11.06556017;297.7742324
13694400;11.30041494;297.8739834
13705200;11.01908714;298.0212033
13716000;11.35103734;298.2309959
13726800;11.39718076;298.5250415
13737600;11.67053942;298.7851037
13748400;11.77990033;298.9769103
13759200;11.98255814;298.8192691
13770000;11.76680498;298.7574689
13780800;11.84634551;298.7499169
13791600;11.51079734;298.6556478
13802400;11.40580913;298.6582988
13813200;11.46721992;298.8012033
13824000;11.38340249;299.0836929
13834800;11.41376451;299.2485075
13845600;11.91618257;299.2278423
13856400;12.14522822;299.0953112
13867200;11.97012448;298.9411203
13878000;12.65560166;298.8575519
13888800;12.806639;299.5481743
13899600;11.65062241;297.8875104
13910400;11.22821577;298.0052697
13921200;11.94024896;299.6197925
13932000;12.24252492;299.2554817
13942800;12.00248963;298.8673444
13953600;11.95435685;298.6821992
13964400;12.36514523;298.6290041
13975200;12.81327801;299.0131535
13986000;13.24481328;300.1184647
13996800;12.81908714;299.790332
14007600;12.69019934;299.5037375
14018400;12.74688797;299.4196266
14029200;12.61276949;299.1180763
14040000;12.67136929;298.8275934
14050800;13.04813278;298.7534855
14061600;12.52535328;297.8789277
14072400;10.80912863;296.810166
14083200;11.44365572;297.0161934
14094000;10.39253112;295.4294191
14104800;11.0730897;297.7064784
14115600;11.09460581;297.5881743
14126400;11.05311203;297.55
14137200;11.25892116;297.7255187
14148000;11.81161826;298.2712448
14158800;11.43259386;297.3212457
14169600;12.19900498;298.7012438
14180400;12.82671175;298.9183855
14191200;12.58174274;298.7599585
14202000;12.36929461;298.6758921
14212800;11.88713693;298.7509959
14223600;12.01493776;298.8041909
14234400;12.18257261;298.9127386
14245200;11.91053122;299.3147717
14256000;12.14551607;299.7791878
14266800;12.23504983;299.70299
14277600;12.56229236;299.4706811
14288400;12.18604651;299.3010797
14299200;12.16749585;299.2485904
14310000;11.63651452;299.2538174
14320800;12.37842324;299.4524066
14331600;12.32365145;300.1865975
14342400;12.46721992;300.8777178
14353200;12.25560166;300.7518257
14364000;12.79519071;300.1621061
14374800;12.29792531;299.7064315
14385600;12.03319502;299.4784647
14396400;11.94439834;299.3555602
14407200;11.82323651;300.0761411
14418000;12.14974619;300.8825719
14428800;13.20287405;301.5290363
14439600;13.25255102;301.5126701
14450400;13.48671096;300.6584718
14461200;13.0755814;299.9747508
14472000;12.44315353;299.6581328
14482800;12.49045643;299.5353112
14493600;12.55328218;300.0816553
14504400;12.9973913;300.950087
14515200;13.13775934;301.4041079
14526000;12.92554992;301.0141286
14536800;12.54177215;300.339789
14547600;12.71618257;299.8272614
14558400;12.64427861;299.5942786
14569200;13.13278008;299.5555602
14580000;12.52116183;299.0334855
14590800;12.4439834;299.8546473
14601600;13.23568465;300.3156432
14612400;12.58388704;297.8530731
14623200;13.18393782;299.1134715
14634000;12.47093023;299.15
14644800;12.4439834;299.149917
14655600;12.86473029;299.15
14666400;12.81244813;299.3208714
14677200;12.53112033;298.223278
14688000;11.37645108;296.1726368
14698800;11.43070539;296.263361
14709600;12.36348548;298.0437759
14720400;12.32946058;298.15
14731200;11.68159204;298.2300166
14742000;12.05560166;298.3340664
14752800;11.90539419;297.089917
14763600;10.14356846;295.0649378
14774400;10.70124481;297.8153942
14785200;11.18687708;298.7799003
14796000;11.5307309;298.5860465
14806800;11.74335548;298.1700997
14817600;11.25373134;297.9628524
14828400;11.4813278;297.9713278
14839200;12.07966805;299.0090041
14850000;11.6373444;297.976473
14860800;11.4852071;298.3969992
14871600;11.84315353;298.8243568
14882400;12.37344398;298.8118257
14893200;12.34107884;298.2586307
14904000;11.70456432;298.05
14914800;11.73692946;298.1148133
14925600;12.21310116;298.7411277
14936400;12.58589212;300.0907469
14947200;12.91871296;300.5759949
14958000;12.60963455;300.3344684
14968800;12.76495017;299.7061462
14979600;12.52116183;299.2178008
14990400;12.32780083;299.05
15001200;12.63349917;299.1029022
15012000;12.40946844;299.3469269
15022800;12.62552832;299.6484784
15033600;12.15287162;300.1032095
15044400;12.58495351;300.3273457
15055200;12.00995851;300.0891701
15066000;12.05477178;299.883444
15076800;11.89950166;299.7546512
15087600;12.47927032;299.6545605
15098400;12.38578199;298.8972038
15109200;11.73083624;297.6584495
15120000;11.98348348;298.4490991
15130800;12.17275748;298.8638704
15141600;12.47342193;298.7523256
15152400;12.74335548;298.6372924
15163200;12.34966777;298.4870432
15174000;12.15697674;298.4107143
15184800;12.45265781;299.0562292
15195600;11.75415282;298.4177741
15206400;11.63621262;298.1303156
15217200;12.60945274;299.0822554
15228000;12.76680498;299.1797095
15238800;12.90871369;298.8927386
15249600;12.79419087;298.85
15260400;12.43817427;298.8584647
15271200;11.80597015;298.704063
15282000;11.80746888;297.8818672
15292800;11.50539419;297.4378008
15303600;11.90282392;299.2104651
15314400;12.25210084;298.9445378
15325200;11.85714286;298.7627076
15336000;12.03654485;298.5818106
15346800;12.10299003;298.6121262
15357600;12.09219269;298.9771595
15368400;11.92940199;299.5196013
15379200;11.71096346;297.3134551
15390000;10.40248963;296.5560581
15400800;11.62987552;298.7065145
15411600;11.86473029;298.75
15422400;12.02323651;298.75
15433200;12.21393035;298.755058
15444000;11.96182573;299.336722
15454800;10.97593361;296.9929046
15465600;10.13195021;293.4956432
15476400;10.3679402;296.2158638
15487200;11.26079734;297.385299
15498000;11.61877076;297.45
15508800;12.09717608;297.5233389
15519600;11.8089701;297.8123754
15530400;12.05564784;298.7502492
15541200;12.78986711;300.1016611
15552000;12.39700997;300.1446844
15562800;12.40547264;299.4378109
15573600;12.2813278;298.8129876
15584400;11.78257261;298.4091701
15595200;11.71052632;298.35
15606000;11.71052632;298.35
15616800;11.71052632;298.35
15627600;11.71052632;298.35
15638400;11.71052632;298.35
15649200;11.71052632;298.35
15660000;11.71052632;298.35
15670800;11.71052632;298.35
15681600;11.71052632;298.35
15692400;11.71052632;298.35
15703200;11.71052632;298.35
15714000;12.06413043;296.6030435
15724800;11.38704319;294.6717608
15735600;10.40032949;294.4808072
15746400;11.54356846;297.410249
15757200;12.2373444;297.7158921
15768000;11.91376451;297.8923715
15778800;11.7966805;298.0922407
15789600;11.13692946;295.8088382
15800400;10.94605809;296.2468465
15811200;11.42157676;298.1558921
15822000;11.00415282;297.091113
15832800;11.24916944;297.8744186
15843600;12.63870432;297.829402
15854400;11.65863787;297.7153654
15865200;11.72425249;297.7340532
15876000;11.66777409;297.8255814
15886800;11.38303571;297.4539286
15897600;12.07755474;298.9952555
15908400;12.34767932;298.7094093
15919200;12.71094403;298.630117
15930000;12.25628141;298.2097152
15940800;12.13283208;298.097452
15951600;11.92147034;298.065873
15962400;11.58169376;297.2961933
15973200;10.46616541;296.6035505
15984000;10.04358974;292.5587179
15994800;10.08890845;295.3346831
16005600;10.94736842;296.7349624
16016400;10.53634085;297.0285297
16027200;10.93984962;297.2334586
16038000;11.786132;297.4738095
16048800;11.72431078;297.4633668
16059600;11.11643836;296.2969178
16070400;11.09003497;296.3362762
16081200;10.9253112;296.5426141
16092000;11.83625731;297.5356307
16102800;11.79699248;297.4394737
16113600;11.63074353;297.3607769
16124400;11.73934837;297.5168338
16135200;11.6374269;297.82335
16146000;11.43609023;298.3339599
16156800;11.6106934;298.9860067
16167600;12.18295739;299.2343776
16178400;12.16624896;298.941061
16189200;12.31996658;298.5245196
16200000;12.213868;298.2188388
16210800;12.26482874;298.1349624
16221600;12.70008354;299.3232665
16232400;13.03174603;300.7155806
16243200;12.35839599;301.0322891
16254000;12.67335004;300.7657895
16264800;12.97911445;299.9017962
16275600;13.4619883;299.0759816
16286400;13.30659983;298.7738095
16297200;13.15455305;298.7660401
16308000;12.3358396;299.0375522
16318800;12.39933166;299.195447
16329600;13.83779264;300.5982441
16340400;13.37677527;300.15
16351200;12.93400167;299.4960317
16362000;12.92147034;299.0539265
16372800;12.86131997;298.8931913
16383600;13.32915622;299.0505848
16394400;12.93233083;299.2379699
16405200;12.28702929;298.7143515
16416000;12.50083893;298.7042785
16426800;11.69957806;296.7668776
16437600;11.6043956;297.262426
16448400;12.09167368;298.0797729
16459200;12.08776371;298.1427426
16470000;12.1682164;298.2224429
16480800;12.39447236;298.9757119
16491600;12.04037006;297.7605971
16502400;12.36788445;299.3483857
16513200;11.692827;298.1194515
16524000;12;297.7858396
16534800;12.2001675;298.1525963
16545600;12.34753551;298.039056
16556400;12.08354219;298.0500835
16567200;11.14632107;295.1226589
16578000;11.45180218;296.7703688
16588800;12.38907563;299.1527731
16599600;13.00925147;300.2344407
16610400;12.8716443;299.4818792
16621200;12.66220736;298.6141304
16632000;12.15873016;298.1036341
16642800;12.35839599;297.8721387
16653600;12.14152542;297.195339
16664400;11.99077181;295.9774329
16675200;11.69507101;296.4047201
16686000;12.68170426;296.5415622
16696800;12.47869674;297.6884294
16707600;12.83375104;297.5141604
16718400;12.91144528;297.5214286
16729200;12.97994987;297.6559315
16740000;13.05847953;298.9621136
16750800;13.39766082;300.3083124
16761600;14.31746032;300.3270259
16772400;14.3700919;299.8675439
16783200;13.25062657;299.1575188
16794000;13.35588972;298.6810777
16804800;13.42272348;298.55
16815600;13.40685046;298.5742272
16826400;13.20652174;299.0997492
16837200;13.39849624;300.2616124
16848000;13.95572264;300.3654553
16858800;14.32664996;300.1716374
16869600;14.29908104;299.5304511
16880400;13.81453634;299.1052214
16891200;14.01169591;298.9195906
16902000;14.18964077;298.8625313
16912800;13.19799499;299.2417293
16923600;13.39348371;299.165873
16934400;13.18964077;298.2172515
16945200;13.03926483;298.3955305
16956000;13.75438596;299.1477444
16966800;13.33751044;298.8413116
16977600;12.86800334;298.6673768
16988400;12.68755221;298.7239348
16999200;12.95822891;299.0225146
17010000;12.18379282;297.1318713
17020800;11.79448622;296.1647034
17031600;12.32748538;298.0252715
17042400;13.1679198;298.1621136
17053200;13.50626566;298.2761487
17064000;13.21470343;298.3978697
17074800;12.73350042;298.5342105
17085600;12.88220551;298.7350459
17096400;12.3623431;297.8487448
17107200;11.65329992;296.5851713
17118000;11.31996658;297.2805764
17128800;12.55137845;298.5073935
17139600;12.84294069;298.3507519
17150400;12.40350877;298.349081
17161200;12.74101921;298.3891813
17172000;12.28571429;298.366792
17182800;11.40601504;297.6017962
17193600;11.73099415;297.8625313
17204400;12.0075188;298.1066416
17215200;12.43776107;298.6691312
17226000;12.56223893;298.4352966
17236800;12.63074353;298.2771512
17247600;12.31913116;298.364787
17258400;12.58980785;298.6164996
17269200;12.55137845;299.4364662
17280000;12.92314119;300.0789056
17290800;12.87635756;300.1236007
17301600;13.32330827;299.6740602
17312400;13.16959064;299.0163325
17323200;12.96741855;298.5865915
17334000;12.86131997;298.4207602
17344800;13.29741019;299.4415622
17355600;13.56390977;300.9091479
17366400;13.82121972;301.2594403
17377200;13.94983278;301.1121237
17388000;14.11695906;300.1483292
17398800;14.21637427;299.2449039
17409600;13.65246449;298.8398079
17420400;13.8320802;298.8474102
17431200;14.15288221;299.9753968
17442000;14.38011696;301.1322055
17452800;14.69924812;301.8587719
17463600;14.02756892;301.4055556
17474400;14.13617377;300.7029657
17485200;13.85463659;299.8850042
17496000;13.91812865;299.5542607
17506800;13.44945698;299.45
17517600;13.43191312;299.8755639
17528400;12.95739348;298.2010443
17539200;13.15037594;297.8449039
17550000;12.67585631;298.0350459
17560800;13.27151211;298.8492481
17571600;13.56307435;298.8175856
17582400;13.56390977;298.8281119
17593200;13.64745196;298.9276942
17604000;13.59398496;299.1996241
17614800;12.94319131;296.8814954
17625600;12.22639933;296.2327903
17636400;12.45446951;296.8075606
17647200;12.94486216;298.1157477
17658000;13.18979933;298.25
17668800;12.6641604;298.25
17679600;12.6374269;298.34599
17690400;13.10944027;299.0204261
17701200;12.22305764;296.8221805
17712000;11.95488722;297.5330409
17722800;11.97159566;297.1098997
17733600;12.57894737;298.4727235
17744400;12.6182122;298.2098997
17755200;12.67669173;298.0505848
17766000;12.57560568;298.1727235
17776800;12.80116959;299.402548
17787600;13.42439432;300.9312865
17798400;13.56390977;301.4123225
17809200;13.92537313;301.2986733
17820000;13.98329156;300.4338764
17830800;13.95154553;299.5853383
17841600;13.82539683;299.1510025
17852400;13.39431913;299.1160819
17863200;13.67335004;300.0601921
17874000;13.13609467;299.0859256
17884800;13.24373957;299.2748748
17895600;13.25814536;299.2484962
17906400;13.71094403;299.871721
17917200;13.51712615;299.2515873
17928000;13.40635452;298.9087793
17938800;13.18880535;298.8814119
17949600;13.46532999;299.9337093
17960400;14.28905597;301.2359649
17971200;14.3550543;301.6149123
17982000;14.49668325;301.3048093
17992800;14.19548872;300.507477
18003600;13.96658312;299.8108187
18014400;13.90309106;299.5244361
18025200;13.81203008;299.5332916
18036000;14.07936508;300.1405597
18046800;14.56808688;301.5086466
18057600;14.83542189;302.2215121
18068400;15.06850459;302.0637009
18079200;15.05680869;301.2591061
18090000;15.13116124;300.3673768
18100800;14.72263993;299.8728906
18111600;14.85296575;299.7032999
18122400;14.63659148;298.6383876
18133200;12.20634921;293.9160819
18144000;12.00501253;294.7792398
18154800;12.82504146;297.252073
18165600;13.58479532;298.5416458
18176400;14.10609858;298.5369674
18187200;13.88638262;298.4921888
18198000;13.36758563;298.5780702
18208800;12.8361204;298.2277592
18219600;12.57978279;298.3730576
18230400;12.31077694;296.8186717
18241200;11.93984962;297.1809106
18252000;13.03592314;298.3642857
18262800;12.93734336;298.2794069
18273600;12.69423559;298.133208
18284400;12.7443609;298.2139933
18295200;12.07184628;295.3149958
18306000;9.958228906;291.7818296
18316800;9.842105263;292.2152464
18327600;10.04560531;292.7121061
18338400;10.75732218;295.4449791
18349200;11.72347536;296.1983709
18360000;11.48955723;296.4682957
18370800;11.12531328;296.7982874
18381600;9.976608187;292.1518379
18392400;9.457811195;292.2548454
18403200;9.517126149;292.6921053
18414000;10.09189641;295.4808271
18424800;11.11278195;296.2492481
18435600;11.29824561;296.1669591
18446400;11.14536341;296.15
18457200;11.20551378;296.2876775
18468000;10.24561404;293.0364662
18478800;9.423076923;293.6966165
18489600;9.979949875;293.9162207
18500400;10.44778613;295.0843358
18511200;11.18128655;296.3606099
18522000;10.82957393;296.2144946
18532800;11.160401;296.0537594
18543600;10.96073517;296.1819967
18554400;11.24728488;297.3653718
18565200;11.64160401;298.9402256
18576000;12.213868;299.58467
18586800;12.93567251;299.7912698
18597600;12.70175439;299.0137427
18608400;12.27736007;298.0314536
18619200;12.23475355;297.3841688
18630000;12.15037594;297.2327068
18640800;11.83375104;298.3843358
18651600;12.23558897;299.912406
18662400;12.89055973;300.4977026
18673200;12.70091896;300.2769841
18684000;12.76691729;299.457853
18694800;12.81119465;298.6217627
18705600;13.09022556;298.121345
18716400;12.71345029;298.0237678
18727200;12.88721805;298.6129073
18738000;12.53216374;297.6302005
18748800;11.99749373;296.5616124
18759600;12.85213033;298.369716
18770400;13.01505017;298.7765886
18781200;13.08270677;298.4950292
18792000;12.75772765;298.1436508
18802800;13.14369256;298.142147
18813600;12.1946533;296.7175856
18824400;10.44193818;295.0333751
18835200;10.88805347;295.4745614
18846000;11.29908104;296.0997076
18856800;10.60066834;294.9535088
18867600;10.71929825;294.4664578
18878400;11.27318296;295.5368839
18889200;12.11528822;296.5507519
18900000;11.89557226;296.5305347
18910800;11.62489557;296.313325
18921600;11.66165414;297.551086
18932400;12.17293233;297.6283626
18943200;11.68755221;297.902381
18954000;12.26817043;297.5232665
18964800;12.80367586;297.1715539
18975600;12.26315789;297.1217627
18986400;11.99415205;294.7332916
18997200;10.65580618;293.5290309
19008000;11.59330544;296.0403766
19018800;11.67752715;296.9646199
19029600;11.70091896;297.6444027
19040400;11.36424394;297.4303676
19051200;11.69732441;297.2517559
19062000;12.38345865;297.3026316
19072800;11.93650794;295.6022139
19083600;10.86299081;294.9220134
19094400;10.65079365;295.1019632
19105200;10.90977444;295.9199248
19116000;11.81620718;297.2946115
19126800;12.38262322;297.3362991
19137600;12.49791145;297.1993734
19148400;12.75689223;297.2158312
19159200;12.99582289;297.976817
19170000;13.14035088;299.0136591
19180800;13.27568922;299.6602757
19191600;13.01002506;299.9253551
19202400;13.13199666;299.41132
19213200;13.05847953;298.6763158
19224000;12.76858814;298.1844194
19234800;12.19966583;298.022264
19245600;12.29824561;298.7581036
19256400;13.03926483;299.7536759
19267200;13.01587302;300.2139098
19278000;13.31996658;300.616416
19288800;13.21971596;300.1079783
19299600;13.10776942;299.3352966
19310400;12.85714286;298.8294486
19321200;12.89724311;298.6734754
19332000;13.12040134;297.7743311
19342800;12.6299081;297.7368003
19353600;12.97660819;298.2281119
19364400;12.80845771;298.6849917
19375200;13.56892231;299.1614453
19386000;13.41938179;298.8368839
19396800;13.13199666;298.5271094
19407600;13.19047619;298.4832498
19418400;13.04761905;297.9232665
19429200;12.9122807;298.1048037
19440000;12.88107203;298.6488275
19450800;13.38847118;298.9160819
19461600;13.24561404;298.5888471
19472400;13.28320802;298.6584378
19483200;13.43776107;298.4842523
19494000;13.33500418;298.3656224
19504800;13.15204678;297.7774854
19515600;12.37176274;296.3466583
19526400;11.93233083;296.4295322
19537200;12.09784411;297.4441128
19548000;12.59983292;298.6134085
19558800;12.62322473;298.5838346
19569600;12.267335;298.4292815
19580400;12.6374269;298.3864244
19591200;13.00334169;298.9647034
19602000;13.19966583;299.9752297
19612800;13.44193818;300.6782373
19623600;14.10953177;300.7788462
19634400;14.15121136;300.2449875
19645200;13.70927318;299.6315372
19656000;13.3968254;299.1206767
19666800;13.19715957;298.9419799
19677600;13.83375104;299.3348789
19688400;13.97911445;299.6571846
19699200;13.99331662;300.5749791
19710000;14.07852966;301.0519215
19720800;14.31077694;300.8276107
19731600;13.68838764;300.186675
19742400;13.44026734;299.6400585
19753200;13.83876358;299.3682122
19764000;14.19381788;299.8522556
19774800;13.94319131;300.8226817
19785600;14.1754386;301.3789891
19796400;14.26232247;301.6080618
19807200;14.48955723;301.3058062
19818000;14.19799499;300.6634503
19828800;14.27401838;300.0571011
19839600;14.08270677;299.7730576
19850400;14.26399332;300.2418129
19861200;14.8053467;301.1763993
19872000;14.45196324;301.7959482
19882800;14.5839599;302.0353801
19893600;14.47953216;301.6882623
19904400;14.13377926;301.0486622
19915200;14.16207185;300.4239348
19926000;14.35672515;300.0636174
19936800;14.26399332;299.9187552
19947600;13.9657477;300.7177527
19958400;14.34419382;301.3891813
19969200;13.91311612;301.318254
19980000;14.44527987;301.3921888
19990800;14.20300752;300.890518
20001600;14.01503759;300.3738095
20012400;13.56558062;300.0373851
20023200;13.94569758;300.5582707
20034000;13.51712615;300.3584378
20044800;13.45530493;300.3127402
20055600;13.48287385;300.4538429
20066400;13.60985798;300.7178363
20077200;13.65246449;300.3280284
20088000;13.54218881;299.8726399
20098800;13.62907268;299.6981203
20109600;13.64076859;299.5535088
20120400;12.85547201;299.1862573
20131200;12.51629073;299.165873
20142000;13.01336675;299.7072264
20152800;13.30075188;300.1350459
20163600;13.1638796;299.7634615
20174400;13.31411863;299.4353801
20185200;13.10526316;299.3436508
20196000;12.83625731;299.6959482
20206800;12.15538847;298.8873434
20217600;13.36675021;299.5573517
20228400;13.71428571;300.0917711
20239200;13.66165414;300.3017962
20250000;13.54636591;299.863868
20260800;13.13784461;299.4241019
20271600;12.77610693;299.2101504
20282400;12.19966583;299.517335
20293200;11.786132;298.9942774
20304000;12.48538012;299.8949457
20314800;13.07017544;300.1095656
20325600;12.86800334;300.0307018
20336400;12.86967419;299.7454052
20347200;12.46282373;299.3214286
20358000;12.2406015;299.1706349
20368800;12.65079365;299.8522556
20379600;12.93316625;301.0295322
20390400;12.84795322;300.8657895
20401200;12.53814262;300.9422886
20412000;12.76023392;300.9545113
20422800;12.95154553;300.3708855
20433600;12.8245614;299.9969507
20444400;12.38345865;299.6851713
20455200;12.58110368;300.0332776
20466000;13.07184628;300.7915205
20476800;13.07351713;301.1696324
20487600;13.10192147;301.2098162
20498400;13.21971596;300.9297828
20509200;13.19799499;300.5379699
20520000;12.67000835;300.1807435
20530800;12.5914787;299.9211779
20541600;12.12698413;299.9313701
20552400;12.47953216;299.662949
20563200;12.74185464;300.3092314
20574000;12.68421053;301.2839181
20584800;12.61403509;301.3302005
20595600;12.72180451;300.8229323
20606400;12.72263993;300.4104845
20617200;12.89055973;300.1830827
20628000;12.839599;299.7469925
20638800;13.38763576;300.5357978
20649600;13.65329992;302.38066
20660400;13.97493734;302.3412281
20671200;13.98245614;301.8961153
20682000;13.92982456;301.2219298
20692800;13.13032581;300.737218
20703600;13.63993317;300.4711362
20714400;13.62406015;299.5926901
20725200;12.77338129;299.1460432
20736000;12.77338129;299.1460432
20746800;13.9023569;301.1335859
20757600;13.69590643;301.4101504
20768400;13.70927318;300.9139098
20779200;13.12698413;300.4897661
20790000;13.11528822;300.2858396
20800800;12.98496241;299.698538
20811600;12.95739348;299.4375522
20822400;12.89139515;299.8503342
20833200;13.08354219;299.8541771
20844000;13.19632414;299.9144946
20854800;13.41102757;299.8454052
20865600;13.34670008;299.7818296
20876400;12.97073579;299.7677258
20887200;12.53132832;299.8882623
20898000;12.28487886;299.1666249
20908800;13.0609858;300.3551796
20919600;13.06055509;301.1908747
20930400;12.82160804;300.9468174
20941200;12.16862416;300.3872483
20952000;12.3010118;299.8999157
20962800;12.8940286;299.7625315
20973600;13.06144781;300.2981481
20984400;13.03962901;301.2647555
20995200;13.3164557;301.8578481
21006000;13.18686869;302.1597643
21016800;12.52173913;301.7900502
21027600;12.51335559;301.0254591
21038400;12.32915622;300.3933584
21049200;12.53717627;300.0613617
21060000;12.82873851;300.6830827
21070800;13.54765886;301.7259197
21081600;13.24665552;302.3929766
21092400;13.43193277;302.8307563
21103200;13.63498738;302.571783
21114000;13.95458368;301.836291
21124800;13.87573468;301.2247271
21135600;13.52684564;300.8715604
21146400;13.01429773;299.8138352
21157200;12.32006774;298.5518628
21168000;12.29547395;299.0837319
21178800;12.2120954;299.7573254
21189600;12.43218197;300.2952401
21200400;12.27172996;299.9768354
21211200;12.1641286;299.7669205
21222000;12.11888702;299.6879949
21232800;12.33445946;299.1277027
21243600;12.09364548;298.9438127
21254400;12.39348371;298.2518379
21265200;12.55835432;297.9893787
21276000;12.42105263;298.7931078
21286800;12.49206349;299.0822473
21297600;12.15538847;299.05
21308400;12.24832776;299.073913
21319200;12.10776942;299.1269424
21330000;12.10025063;299.2639515
21340800;12.5735786;299.4326087
21351600;12.55388471;299.3999582
21362400;12.48535565;300.0317573
21373200;12.05434783;299.841388
21384000;11.79365079;299.6238513
21394800;11.45446951;299.4683793
21405600;11.93065998;299.6748956
21416400;12.18045113;299.5478279
21427200;12.28571429;299.6783208
21438000;12.44611529;299.7901838
21448800;12.62458194;300.0704013
21459600;12.75856307;299.7145781
21470400;12.99164578;299.4283626
21481200;12.89724311;299.35
21492000;13.13951546;299.5142439
21502800;12.80618212;299.248914
21513600;13.13879599;300.016806
21524400;13.23224728;301.0968672
21535200;13.25814536;300.8557644
21546000;13.15873016;300.1779031
21556800;12.9657477;299.7991228
21567600;12.40685046;299.6514202
21578400;12.39097744;299.7199248
21589200;12.87635756;300.0199248
21600000;12.9273183;300.447995
21610800;13.03900415;300.75
21621600;12.81370092;300.576817
21632400;12.70927318;300.198538
21643200;12.8320802;299.9143275
21654000;12.67084378;299.7891813
21664800;12.71512114;300.1495823
21675600;12.51461988;300.6535923
21686400;12.88638262;301.0794069
21697200;13.0192147;301.3402256
21708000;13.20050125;301.0416458
21718800;12.90559733;300.4899332
21729600;12.8770903;300.065301
21740400;13.12781955;299.8718045
21751200;12.82623225;299.3878446
21762000;12.07101086;298.0825815
21772800;12.90559733;299.6583542
21783600;13.02485501;300.4155344
21794400;12.80451128;300.5073099
21805200;12.83779264;300.0505853
21816000;12.29072682;299.7422306
21826800;12.02589808;299.6232665
21837600;11.77610693;298.6313701
21848400;11.29156224;298.2210944
21859200;11.67000835;298.5139098
21870000;11.26315789;298.2662072
21880800;11.7251462;298.9952799
21891600;12.26817043;299.05
21902400;12.29991646;299.0398914
21913200;12.45781119;298.9007101
21924000;12.28404344;299.1090643
21934800;11.38680033;297.1877611
21945600;10.62238931;296.3792398
21956400;10.38345865;296.7743108
21967200;11.3358396;298.3160819
21978000;11.21804511;298.4850877
21988800;11.24561404;298.45
21999600;11.53467001;298.4900167
22010400;11.89557226;298.5423977
22021200;11.56649832;298.3367845
22032000;11.50041771;299.0183375
22042800;11.80936455;299.6835284
22053600;11.94987469;299.9901838
22064400;11.78446115;299.3887636
22075200;12.03091061;298.903467
22086000;11.5112782;298.7743108
22096800;11.60735171;298.9888471
22107600;12.03592314;300.2789891
22118400;12.15956558;301.3178363
22129200;12.64925373;301.8912106
22140000;12.29824561;301.3240184
22150800;12.05096074;300.5477444
22161600;12.00250627;300.0393066
22172400;11.76441103;299.5921888
22183200;11.88963211;300.0986622
22194000;12.06349206;301.1546784
22204800;12.58681135;301.9792154
22215600;12.99081036;302.1576859
22226400;12.6908939;301.9281119
22237200;13.21637427;301.3389724
22248000;12.9047619;300.7699666
22258800;12.86800334;300.3431495
22269600;13.10618729;300.7943144
22280400;13.5839599;301.8756475
22291200;14.02756892;302.3362155
22302000;13.92237062;301.9081803
22312800;13.71345029;301.7100668
22323600;13.73182957;301.210401
22334400;14.02255639;300.8038012
22345200;13.54302423;300.4992899
22356000;13.25898079;300.7013784
22366800;13.17809365;300.3009197
22377600;12.81119465;300.2900167
22388400;13.16374269;301.0063074
22399200;13.34001671;301.2479114
22410000;13.39849624;300.7070593
22420800;13.10860485;300.1624478
22431600;13.17961571;299.995447
22442400;13.01587302;300.0941938
22453200;13.23529412;300.25
22464000;13.83706468;302.8947761
22474800;14.3166249;303.3506683
22485600;13.82289056;302.907477
22496400;13.69256475;302.1404007
22507200;13.29573935;301.4880952
22518000;13.54135338;300.9515873
22528800;12.79866332;298.6289474
22539600;12.14452799;298.4429825
22550400;12.30325815;299.4833333
22561200;12.4770259;299.9854219
22572000;12.14786967;299.4564327
22582800;12.18964077;299.8395572
22593600;12.12949039;299.6227652
22604400;12.32080201;299.5710526
22615200;12.17794486;298.4364662
22626000;11.24979114;297.2776525
22636800;11.38847118;298.3536759
22647600;11.25124378;298.2919569
22658400;11.28822055;298.6871763
22669200;11.92815372;299.0906015
22680000;11.76023392;299.05
22690800;11.73182957;299.009315
22701600;11.49289891;299.0907686
22712400;11.47535505;298.8895155
22723200;11.89130435;299.9359532
22734000;12.00334169;300.6174185
22744800;12.70676692;300.7616959
22755600;12.07184628;300.236132
22766400;11.81871345;299.8645363
22777200;11.77694236;299.5813283
22788000;11.67669173;299.8144946
22798800;12.35756057;300.031203
22809600;12.76608187;300.466792
22820400;12.90381426;300.7967662
22831200;12.72180451;300.4048037
22842000;12.85714286;299.8802423
22852800;12.839599;299.5552632
22863600;12.64160401;299.4139098
22874400;12.32080201;299.9488304
22885200;12.52130326;300.7354637
22896000;12.69507101;301.2220134
22906800;12.60233918;301.3714703
22917600;12.66248956;301.0100668
22928400;12.27234754;300.3812448
22939200;12.04678363;299.9508354
22950000;11.59649123;299.7335422
22960800;11.96491228;300.0588555
22971600;11.68671679;299.0366332
22982400;11.7094536;299.2934519
22993200;11.98475868;299.7277307
23004000;11.48705096;300.1850042
23014800;11.31578947;299.7349624
23025600;11.49958229;299.4358814
23036400;11.57727652;299.1484962
23047200;12.07852966;299.5270259
23058000;11.27806122;298.1953231
23068800;11.41186299;298.9898496
23079600;11.55639098;299.9466583
23090400;11.6566416;300.2277778
23101200;11.53132832;299.659858
23112000;11.56390977;299.1865915
23122800;11.61988304;299.05
23133600;11.34001671;299.1440685
23144400;11.25730994;297.9706349
23155200;11.1312709;298.4834448
23166000;11.26346313;298.487034
23176800;11.65301003;298.8593645
23187600;11.86800334;299.0179198
23198400;11.4619883;298.7877611
23209200;11.76775272;298.7778195
23220000;11.90142022;298.835213
23230800;11.36090226;297.4581036
23241600;10.93065998;297.8183375
23252400;10.86967419;298.0833333
23263200;11.11695906;298.6076441
23274000;11.2556391;298.5494152
23284800;11.24227235;298.4098997
23295600;11.66583124;298.4063074
23306400;10.87385129;297.3942774
23317200;10.5112782;296.9590226
23328000;10.12531328;297.3227652
23338800;10.98341625;298.2929519
23349600;10.9924812;298.6896825
23360400;10.70760234;298.418254
23371200;10.94903926;298.1595238
23382000;10.97994987;298.1819967
23392800;11.17794486;298.7138262
23403600;11.68253968;299.5221805
23414400;11.65831245;300.2352966
23425200;12.13116124;300.4296992
23436000;12.43060201;300.0339465
23446800;12.20384294;299.5127402
23457600;11.72347536;299.1735589
23468400;12.23809524;299.0466583
23479200;12.10192147;299.0901003
23490000;12.04093567;299.3346282
23500800;12.87301587;299.6484962
23511600;12.7059315;299.8875104
23522400;12.05513784;299.7511696
23533200;12.2556391;299.5210109
23544000;12.34502924;299.3519215
23554800;12.49958229;299.2523392
23565600;12.732665;298.6710526
23576400;11.7786132;297.5798246
23587200;11.93984962;297.7827485
23598000;11.63993317;297.7317878
23608800;11.95655806;298.6296992
23619600;11.89891395;298.6366332
23630400;11.85380117;298.5315372
23641200;11.45614035;298.5839181
23652000;11.27234754;298.6298663
23662800;11.24227235;298.7170844
23673600;11.08354219;298.3323726
23684400;10.56558062;298.133208
23695200;11.18295739;299.0149123
23706000;11.73851295;298.8439014
23716800;11.65914787;298.7457393
23727600;11.20568562;298.6770067
23738400;11.58312448;298.0845865
23749200;10.69924812;297.1686299
23760000;11.0877193;299.1815789
23770800;11.87886383;300.1514202
23781600;12.15789474;299.8896825
23792400;11.91060986;299.4103175
23803200;11.26065163;299.1051378
23814000;11.06265664;298.9085631
23824800;10.4160401;297.9128237
23835600;10.7176274;298.3726399
23846400;11.53299916;299.0565998
23857200;12.35820896;298.9812604
23868000;12.07602339;298.8892648
23878800;12.30659983;298.9996241
23889600;11.80868839;298.95
23900400;11.76858814;298.95
23911200;12;298.5463241
23922000;11.69590643;298.8407268
23932800;11.3817878;298.1870927
23943600;11.37677527;298.5921888
23954400;10.86382623;298.4040518
23965200;11.22639933;298.8469925
23976000;11.59364548;298.7874269
23986800;10.9657477;298.727592
23997600;11.27903091;298.852924
24008400;11.14369256;298.2261069
24019200;10.94903926;297.7413952
24030000;11.03897181;297.8321725
24040800;11.39264829;298.1666249
24051600;11.61737678;298.4857561
24062400;11.44110276;298.3675439
24073200;11.06850459;298.3652882
24084000;11.21804511;298.5082289
24094800;11.59983292;299.1076441
24105600;11.21470343;298.6662907
24116400;11.03174603;297.9132414
24127200;9.877192982;296.6212615
24138000;10.41938179;297.724269
24148800;10.7101086;298.0200084
24159600;10.61904762;298.1999582
24170400;10.9273183;297.9941103
24181200;10.73350042;296.3455723
24192000;10.20718463;296.2738931
24202800;9.885572139;296.8756219
24213600;10.40768588;297.6413952
24224400;10.5914787;297.8918546
24235200;11.49958229;297.95
24246000;11.67251462;297.9623642
24256800;11.29908104;297.7468254
24267600;10.54264214;296.3095656
24278400;10.60401003;296.3770903
24289200;10.72180451;296.8545113
24300000;11.36090226;297.6247703
24310800;11.55472013;297.7413952
24321600;11.43107769;297.7544277
24332400;11.91896408;297.8513367
24343200;11.33751044;298.0055556
24354000;11.386306;298.5548183
24364800;11.65329992;299.0975355
24375600;11.58457711;299.3602819
24386400;11.64578112;299.0565998
24397200;11.7710944;298.6667084
24408000;11.40685046;298.4217627
24418800;11.23057644;298.35
24429600;11.52798663;298.1668755
24440400;10.85296575;296.8161654
24451200;10.47368421;297.0789056
24462000;10.76190476;297.9201754
24472800;11.02172097;298.456934
24483600;10.73684211;298.336132
24494400;10.89390142;298.25
24505200;10.79030911;298.25
24516000;10.21637427;297.329198
24526800;9.432274247;295.4735786
24537600;9.758563074;296.5272765
24548400;10.24227235;297.4310359
24559200;10.81871345;298.0294486
24570000;11.3968254;297.9383876
24580800;11.10609858;297.85
24591600;11.03508772;297.7780702
24602400;11.52046784;298.2876775
24613200;11.94569758;299.0185881
24624000;12.02840434;299.3129908
24634800;11.56558062;299.1993734
24645600;11.68755221;298.9474102
24656400;11.82957393;298.6810777
24667200;11.82121972;298.5423141
24678000;11.44360902;298.5338764
24688800;11.58813701;298.616249
24699600;11.66666667;298.7804929
24710400;11.76858814;298.9451546
24721200;11.73300166;298.95
24732000;11.48120301;298.8934419
24742800;10.77944862;298.8159148
24753600;11.02422723;298.75
24764400;11.11027569;298.75
24775200;11.39849624;298.8158312
24786000;11.53968254;299.0497494
24796800;11.33249791;298.3056391
24807600;10.99080268;299.0865385
24818400;11.42188805;299.4383876
24829200;11.7251462;299.0639515
24840000;11.20969089;298.7840852
24850800;11.08270677;298.6493317
24861600;10.94569758;297.5923559
24872400;10.39014202;296.3199248
24883200;10.59482038;297.3572682
24894000;11.5304929;298.4067251
24904800;11.36925647;298.6890142
24915600;11.15538847;298.5464912
24926400;10.99749373;298.4500835
24937200;10.82539683;298.4500835
24948000;10.37343358;298.685589
24958800;10.34920635;299.3101504
24969600;11.04845447;299.6119883
24980400;10.55388471;299.0343776
24991200;11.23725982;299.4338764
25002000;11.27903091;298.928279
25012800;10.84711779;298.4734754
25023600;10.83876358;298.3642022
25034400;10.7925801;298.7999157
25045200;10.73934837;299.4212615
25056000;11.39014202;299.7879282
25066800;12.27318296;300.1100668
25077600;12.31244779;300.1673768
25088400;12.25668896;299.5163043
25099200;11.56641604;298.9619465
25110000;11.63492063;298.7918546
25120800;11.51211362;299.0554302
25131600;11.92063492;299.9637009
25142400;12.49122807;301.0693818
25153200;12.40350877;301.8250209
25164000;12.63157895;301.3753133
25174800;12.53132832;300.7230159
25185600;12.02255639;300.193609
25196400;11.65246449;299.8386383
25207200;11.0726817;299.729198
25218000;11.34586466;300.089599
25228800;11.53884712;300.4992063
25239600;11.70895522;300.7978441
25250400;12.06850459;300.5095656
25261200;12.40100251;299.9738931
25272000;12.22723475;299.6006266
25282800;11.65162907;299.3687135
25293600;11.68922306;299.6283626
25304400;12.00250627;300.4514202
25315200;12.10776942;300.9843358
25326000;12.58897243;301.2635338
25336800;12.5380117;300.8366332
25347600;12.5304929;300.1125731
25358400;12.69314381;299.580602
25369200;11.88638262;299.3201754
25380000;11.57142857;297.913325
25390800;11.27736007;298.7246032
25401600;12.1144528;300.2016291
25412400;12.08187135;300.8431495
25423200;12.13951546;300.6183375
25434000;12.48120301;300.1247703
25444800;12.63659148;299.7967836
25455600;12.37343358;299.5494987
25466400;11.9924812;299.4960317
25477200;11.69256475;299.900543
25488000;11.40768588;300.2201754
25498800;11.92982456;300.9445698
25509600;12.14954052;300.7314536
25520400;12.29991646;300.1604428
25531200;11.87552214;299.6314536
25542000;11.50793651;298.8325397
25552800;11.18880535;297.3889307
25563600;11.79830508;297.9723729
25574400;11.39097744;298.2869256
25585200;11.68170426;298.3043024
25596000;11.86967419;298.997452
25606800;11.893066;299.1322055
25617600;11.94486216;299.0335422
25628400;11.92898914;298.9093985
25639200;12.24310777;298.0295322
25650000;12.12207358;296.6026756
25660800;12.2213868;297.1086466
25671600;12.37928154;298.5433166
25682400;12.68755221;299.1394737
25693200;12.16290727;299.0423141
25704000;12.46449457;298.8357143
25714800;12.54636591;298.3785714
25725600;11.24561404;296.9913534
25736400;10.95822891;298.0821637
25747200;11.68170426;299.8867586
25758000;12.3700919;300.6350459
25768800;12.2823726;300.2666249
25779600;12.19381788;299.7682957
25790400;12.48705096;299.3747285
25801200;12.43274854;299.1642022
25812000;12.43776107;299.2429825
25822800;12.19548872;299.6502506
25833600;12.54887218;299.95401
25844400;12.17794486;300.0784879
25855200;12.4695071;299.9669591
25866000;12.18212197;299.4420635
25876800;11.87468672;299.0261069
25887600;11.6908939;298.8642022
25898400;11.89724311;299.205472
25909200;12.21470343;300.0969507
25920000;12.32023411;300.7798495
25930800;13.09607352;301.1922723
25941600;13.13784461;300.8098162
25952400;13.06265664;300.175731
25963200;12.25814536;299.6691312
25974000;11.90977444;299.3187552
25984800;12.15121136;299.2877611
25995600;12.16875522;299.3499165
26006400;12.17878028;300.1936926
26017200;12.18964077;300.907477
26028000;12.22305764;300.7758145
26038800;12.05597327;300.1310359
26049600;11.7978279;299.5682122
26060400;11.66917293;299.2862573
26071200;11.62823726;299.1600251
26082000;11.90726817;299.1270259
26092800;12.12030075;299.6252715
26103600;11.99917081;299.5120232
26114400;11.7101086;298.9861738
26125200;10.94319131;298.0920217
26136000;10.6182122;297.3637845
26146800;9.776942356;296.8730576
26157600;9.89390142;296.9616124
26168400;10.30242272;298.4960317
26179200;10.74185464;299.6128237
26190000;10.81787803;299.8392231
26200800;11.09531773;299.0494983
26211600;10.93149541;298.3681287
26222400;10.43191312;297.8967001
26233200;10.22974102;297.5983709
26244000;10.60484545;297.9215121
26254800;11.06850459;299.34599
26265600;11.45614035;298.0929407
26276400;11.30325815;298.2916876
26287200;11.91311612;298.5903509
26298000;11.40768588;298.3114871
26308800;11.4235589;298.25
26319600;11.17961571;298.271721
26330400;11.27652464;298.541061
26341200;11.46031746;298.9420635
26352000;11.49289891;299.2973684
26362800;11.27819549;299.7813283
26373600;11.51796157;299.4281955
26384400;11.44444444;299.0246867
26395200;11.46783626;298.6433166
26406000;11.17627402;298.3951963
26416800;11.27151211;298.7541771
26427600;11.66750209;299.6566834
26438400;11.94068505;300.2186717
26449200;12.13116124;300.3427318
26460000;12.29323308;299.927193
26470800;12.15873016;299.3688805
26481600;12.23809524;298.9851713
26492400;11.6182122;298.8535923
26503200;11.11538462;299.1315217
26514000;11.45446951;299.7941938
26524800;11.38095238;300.2362991
26535600;11.90309106;300.324269
26546400;11.93817878;299.9286967
26557200;11.93984962;299.404553
26568000;11.72347536;299.1144946
26578800;11.18796992;299.0453216
26589600;10.85714286;298.6019632
26600400;10.85964912;297.3762322
26611200;10.81119465;297.2260234
26622000;10.39220564;296.728607
26632800;10.11779449;296.6581871
26643600;10.68170426;297.3429825
26654400;11.15371763;297.35
26665200;11.14452799;297.3011278
26676000;10.66081871;297.117335
26686800;10.11194653;296.0053885
26697600;10.03508772;296.4096491
26708400;9.875522139;296.1824144
26719200;10.72598162;297.4839181
26730000;10.78863826;297.7258563
26740800;10.63074353;297.65
26751600;10.67585631;297.7363826
26762400;11.09866221;298.2211538
26773200;10.76106934;299.1006266
26784000;10.78362573;298.7317878
26794800;11.0802005;297.6419799
26805600;10.42272348;298.0525063
26816400;10.70843776;298.2343776
26827200;10.28822055;298.1666249
26838000;10.79365079;298.1580201
26848800;10.75355054;297.1048037
26859600;9.553884712;295.8456558
26870400;10.08270677;296.3631161
26881200;10.2823726;296.8466583
26892000;10.88053467;298.0944444
26902800;11.30576441;298.15
26913600;10.9924812;298.2307853
26924400;11.0877193;298.3280284
26935200;10.91896408;297.9545948
26946000;10.27903091;296.4200084
26956800;10.53550543;296.140142
26967600;11.01575456;298.1216418
26978400;11.19131161;298.6899332
26989200;11.24728488;298.4447368
27000000;11.26315789;298.2789891
27010800;11.14285714;298.1500835
27021600;11.0459482;298.563868
27032400;11.29991646;299.7219298
27043200;11.3700919;300.5993734
27054000;11.4222408;300.805602
27064800;11.38847118;300.1661236
27075600;11.0459482;299.2115706
27086400;11.07017544;298.621345
27097200;10.8780284;298.3772348
27108000;11.07351713;298.6245196
27118800;11.40350877;299.5171679
27129600;12.05096074;300.2547619
27140400;11.91812865;300.3934419
27151200;11.786132;299.9072264
27162000;11.61904762;299.2174185
27172800;11.36925647;298.7694653
27183600;11.23141186;298.5972849
27194400;10.99415205;298.0531746
27205200;11.35254804;298.7465748
27216000;12.07184628;299.0632832
27226800;11.64661654;299.4252715
27237600;11.49039265;299.835213
27248400;11.5154553;299.3058897
27259200;11.69590643;298.9159148
27270000;11.29657477;298.6710526
27280800;10.94987469;298.5029657
27291600;11.94235589;300.8409774
27302400;12.57477026;302.729198
27313200;12.7106136;303.0631841
27324000;12.43776107;301.8473266
27334800;12.10618729;300.8106187
27345600;11.40267335;300.0366332
27356400;11.28778822;299.4880871
27367200;11.19486271;299.8630204
27378000;11.40100251;300.9151629
27388800;11.97159566;302.1982874
27399600;11.73600668;301.5602757
27410400;12.25981621;300.8971178
27421200;11.9273183;300.0322055
27432000;11.47953216;299.3155806
27442800;11.88220551;298.8129073
27453600;11.73099415;298.7317043
27464400;12.65580618;300.5599415
27475200;13.31688963;302.2475753
27486000;12.89883914;302.5368988
27496800;12.74101921;301.3169173
27507600;12.71595656;300.6983709
27518400;12.98329156;300.0942774
27529200;12.58528428;299.6382107
27540000;12.49958229;299.9396408
27550800;12.97660819;301.3977026
27561600;13.78028404;302.2724728
27572400;13.67585631;302.4419799
27583200;13.22639933;302.0230159
27594000;12.96741855;301.255848
27604800;12.96741855;300.6485798
27615600;12.75271512;300.1621972
27626400;12.56140351;300.4111529
27637200;12.83542189;301.4829992
27648000;13.03007519;302.2373016
27658800;13.25290216;302.4823383
27669600;13.27234754;301.9990393
27680400;12.80367586;301.3100668
27691200;12.68922306;300.7915205
27702000;12.41353383;300.3376358
27712800;12.45697577;300.5680451
27723600;13.23809524;301.5904344
27734400;13.75355054;302.2718045
27745200;13.26566416;302.4275272
27756000;13.24477861;302.0359649
27766800;12.91729323;301.449081
27777600;12.98663325;300.9265246
27788400;13.38512949;300.4556809
27799200;13.24414716;300.4564381
27810000;12.97157191;301.0236622
27820800;12.88888889;301.7223475
27831600;12.98329156;301.8256057
27842400;13.24143693;301.2468254
27853200;13.05513784;301.023183
27864000;13.15037594;300.6456558
27874800;12.40517962;300.2807435
27885600;11.98329156;299.1399749
27896400;11.26399332;298.6477444
27907200;11.45614035;299.5542607
27918000;11.23642439;299.3195906
27928800;11.30743525;299.5239348
27939600;11.79949875;299.596533
27950400;12.29573935;299.55
27961200;11.96491228;299.55
27972000;12.23383525;299.4390168
27982800;11.88972431;298.7073099
27993600;11.81453634;299.4251044
28004400;10.95071011;297.9948622
28015200;11.23391813;299.1304511
28026000;11.57978279;299.1345447
28036800;12.07769424;298.9882623
28047600;11.98579783;298.8703008
28058400;12.26566416;299.256934
28069200;11.89055973;298.4780702
28080000;11.75355054;298.2360485
28090800;11.7251462;298.6464912
28101600;12.12698413;299.1031328
28112400;11.91144528;298.8151629
28123200;12.19131161;298.6484962
28134000;12.14285714;298.55
28144800;11.43358396;297.749081
28155600;11.02506266;298.7800752
28166400;11.35338346;300.5461571
28177200;11.91812865;300.8693818
28188000;11.61988304;300.3331245
28198800;11.35756057;299.6603592
28209600;11.4160401;299.1022139
28220400;11.33333333;298.8001253
28231200;11.29908104;299.2110693
28242000;11.79699248;300.3762322
28252800;12.19983278;301.0233278
28263600;12.36424394;300.7083124
28274400;12.31411863;300.1205096
28285200;11.84711779;299.6132414
28296000;11.20885547;299.3197577
28306800;11.16290727;299.2066416
28317600;11.73684211;299.5743943
28328400;12.09022556;300.4551796
28339200;12.59482038;301.01132
28350000;12.04975124;300.9345771
28360800;11.93400167;300.3895155
28371600;12.09440267;299.8139098
28382400;12.04093567;299.5070593
28393200;12.39097744;299.4100668
28404000;11.87719298;299.3512531
28414800;11.77527151;299.8835004
28425600;12.12949039;300.565873
28436400;11.94068505;300.5701337
28447200;11.26399332;299.9186717
28458000;11.20802005;299.4311195
28468800;11.65831245;299.2215121
28479600;11.95739348;299.0971178
28490400;11.74770259;299.3078112
28501200;11.76170569;300.0391304
28512000;12.13450292;300.4970343
28522800;11.78863826;300.5915205
28533600;11.82289056;300.2076441
28544400;11.64327485;299.8959482
28555200;11.61988304;299.7201754
28566000;11.52631579;299.6044695
28576800;11.50292398;299.3316207
28587600;11.52213868;298.4400585
28598400;11.75605681;299.2963659
28609200;11.77025898;299.5013784
28620000;11.50041771;298.8926901
28630800;11.43274854;298.4406433
28641600;11.27903091;298.2168338
28652400;11.27819549;298.0226817
28663200;11.13784461;297.67665
28674000;11.48621554;297.3000418
28684800;11.18379282;297.5732247
28695600;11.28441128;297.6883085
28706400;11.22305764;297.748914
28717200;10.84795322;297.6735589
28728000;11.1144528;297.6117377
28738800;11.3550543;297.6002924
28749600;11.04511278;297.9347953
28760400;10.52046784;296.7845029
28771200;9.906432749;296.5209273
28782000;10.80100334;297.7480769
28792800;10.786132;297.7177527
28803600;11.23224728;297.6461571
28814400;11.4962406;297.5521721
28825200;11.28905597;297.5898496
28836000;11.72932331;297.77665
28846800;11.79949875;298.3339599
28857600;12.12949039;298.9969507
28868400;11.65174129;299.2121891
28879200;11.98162072;298.7323726
28890000;11.61988304;298.232122
28900800;11.9005848;297.941061
28911600;10.96491228;297.8189223
28922400;11.92230576;298.141061
28933200;12.2289056;299.1997076
28944000;12.22472849;299.8565163
28954800;11.90559733;299.8151629
28965600;11.02172097;299.0946115
28976400;11.74770259;298.4471596
28987200;11.46282373;298.1253551
28998000;11.54803676;297.9556809
29008800;11.73851295;298.2693818
29019600;11.93567251;299.2230159
29030400;11.80116959;300.2732247
29041200;12.25814536;300.2129908
29052000;12.55806182;299.3388889
29062800;11.70568562;298.6332776
29073600;12.37593985;298.309482
29084400;12.15288221;298.1573517
29095200;12.29704641;298.4039241
29106000;12.36758563;298.6880952
29116800;12.29741019;299.2369674
29127600;12.41019215;298.9719716
29138400;12.4619883;298.9296992
29149200;12.60818713;298.4550125
29160000;12.0192147;298.1528404
29170800;11.76691729;297.9779031
29181600;11.43441938;297.6259398
29192400;11.90726817;298.0232665
29203200;12.19966583;298.9999582
29214000;12.29741019;298.8673768
29224800;11.77694236;298.6571846
29235600;11.4251046;298.3402092
29246400;11.35004177;298.2263576
29257200;11.06015038;298.1069758
29268000;10.65497076;296.9620301
29278800;10.95822891;296.5794904
29289600;11.07936508;296.9935255
29300400;11.29264214;297.2559365
29311200;11.0952381;297.6149958
29322000;11.04845447;297.5501671
29332800;10.95154553;297.55
29343600;11.17878028;297.5968672
29354400;11.46031746;297.3350459
29365200;10.93065998;297.1093985
29376000;10.83458647;297.2168338
29386800;10.76274018;296.7836675
29397600;10.73433584;297.1072264
29408400;10.70426065;297.15
29419200;10.76441103;297.15
29430000;10.95906433;297.0755639
29440800;11.57894737;297.291604
29451600;11.60401003;298.2544277
29462400;12.03341688;298.9258563
29473200;12.70342523;298.9209273
29484000;12.31244779;298.2867586
29494800;11.50877193;297.7743943
29505600;11.59732665;297.6317878
29516400;11.52213868;297.649081
29527200;11.39431913;297.9850042
29538000;11.52548037;299.023183
29548800;12.25814536;299.6649541
29559600;12.41353383;299.6004595
29570400;12.41771094;298.905472
29581200;12.08946488;298.3387124
29592000;11.77360067;298.0896825
29602800;11.72096909;297.9429825
29613600;11.66081871;297.82335
29624400;12.11695906;298.6257728
29635200;12.29323308;299.7052214
29646000;12.38011696;299.404553
29656800;12.14369256;298.3880117
29667600;12.15956558;297.779741
29678400;11.86382623;297.65
29689200;11.72932331;297.4732247
29700000;11.9122807;297.3385547
29710800;13.10275689;297.6990393
29721600;12.6182122;297.7960317
29732400;12.12949039;297.9264411
29743200;12.17293233;297.7126566
29754000;12.12949039;297.5916876
29764800;11.85296575;297.55
29775600;12.35672515;297.55
29786400;12.16708438;297.7972849
29797200;12.01670844;297.0520886
29808000;11.06516291;296.6316207
29818800;11.44026734;297.4335422
29829600;11.59698997;297.5811873
29840400;11.27903091;297.4921053
29851200;11.28070175;297.45
29862000;11.28822055;297.45
29872800;11.08604845;297.5059733
29883600;10.62740184;296.483751
29894400;10.10944027;295.6982038
29905200;10.4085213;296.9058062
29916000;10.77025898;297.15
29926800;10.74269006;297.15
29937600;10.64411028;297.15
29948400;10.88387636;297.15
29959200;11.07190635;297.319398
29970000;10.90309106;298.1683793
29980800;10.82706767;298.8013784
29991600;10.79278523;298.8307047
30002400;11.28271812;298.2474832
30013200;11.03846154;297.8361204
30024000;10.77516779;297.6525168
30034800;11.08571429;297.65
30045600;10.9632107;297.6884615
30056400;10.94899666;298.2379599
30067200;11.26298157;299.0021776
30078000;11.19115192;299.0342237
30088800;10.87541806;298.5806856
30099600;11.16694491;298.1930718
30110400;11.53428094;297.9456522
30121200;11.10442774;297.8020468
30132000;11.16207185;297.8090643
30142800;11.22639933;298.5339599
30153600;11.67919799;299.2880952
30164400;12.00083542;299.3078112
30175200;12.38680033;298.6537594
30186000;11.47535505;298.2316207
30196800;11.67335004;298.0616124
30207600;11.53717627;297.9581036
30218400;11.07351713;297.5602757
30229200;10.76524645;296.9473266
30240000;11.26232247;297.3767335
30250800;11.07190635;297.390301
30261600;11.17809365;297.7003344
30272400;10.69069573;297.585373
30283200;10.72347536;297.4514202
30294000;10.56438127;297.45
30304800;10.17015926;297.1573764
30315600;9.910310142;296.4343252
30326400;10.04191115;297.3159681
30337200;10.34698997;297.925
30348000;10.7458194;297.7334448
30358800;10.53132832;297.5180869
30369600;10.55304929;297.3284461
30380400;10.53634085;297.2205931
30391200;10.87635756;297.3413116
30402000;10.78947368;297.7159983
30412800;10.641841;297.9346862
30423600;11.07852966;298.3510025
30434400;10.62071846;298.0088137
30445200;10.18128655;297.734127
30456000;10.26315789;297.587594
30466800;10.12030075;297.4588555
30477600;10.18379282;297.468797
30488400;10.03508772;297.3303676
30499200;9.944862155;297.3992899
30510000;10.40935673;297.6538429
30520800;10.20133668;297.75
30531600;10.10526316;297.7472431
30542400;10.89223058;297.7499165
30553200;11.0267335;297.75
30564000;11.29490393;297.6628655
30574800;11.47201337;297.8227652
30585600;11.06700168;297.9384422
30596400;10.83722871;297.886394
30607200;11.29991646;297.8008772
30618000;11.5914787;297.6604428
30628800;11.4085213;297.5265246
30639600;11.28822055;297.3672097
30650400;11.47073579;297.305602
30661200;11.94319131;297.7250209
30672000;12.31829574;298.1406433
30682800;12.5764411;298.0197577
30693600;12.08437761;297.7982038
30704400;11.95238095;297.5921888
30715200;12.06182122;297.4961153
30726000;12.29991646;297.45
30736800;12.10275689;297.5676274
30747600;12.44778613;298.0156642
30758400;12.31578947;298.3783208
30769200;12.42439432;298.4705514
30780000;12.60233918;298.123183
30790800;12.26566416;297.855848
30801600;11.40685046;297.6865915
30812400;11.68504595;297.5761487
30823200;12.00334169;297.7004595
30834000;11.63157895;296.2727235
30844800;9.671679198;293.5102339
30855600;9.561403509;293.6544277
30866400;10.30994152;295.6822473
30877200;11.09857978;296.1433166
30888000;11.17961571;296.3393066
30898800;11.27151211;296.4936926
30909600;11.43143813;296.7177258
30920400;11.58813701;296.9355472
30931200;11.54636591;296.7682122
30942000;11.86549708;297.0261069
30952800;12.11528822;297.1012114
30963600;11.68671679;296.92335
30974400;11.79866332;296.85
30985200;11.85797828;296.8327068
30996000;11.42857143;296.909315
31006800;11.74937343;297.7216792
31017600;12.10025063;297.962949
31028400;12.3817878;297.7999582
31039200;12.62656642;297.7593567
31050000;12.62907268;297.5488304
31060800;12.08103592;297.4555973
31071600;11.946533;297.45
31082400;12.34586466;297.1844194
31093200;11.99832916;296.7048872
31104000;12.05430242;296.3814119
31114800;12.05263158;297.1172515
31125600;11.88638262;297.1716374
31136400;11.99081036;297.15
31147200;11.83375104;297.1429825
31158000;11.7518797;297.0830827
31168800;11.74770259;296.9584378
31179600;11.20718463;296.4347118
31190400;11.10776942;296.1669591
31201200;10.97658863;296.3510033
31212000;10.98913952;296.65
31222800;11.16541353;296.7179198
31233600;11.39933166;296.75
31244400;11.49206349;296.8342105
31255200;11.33416876;296.9200084
31266000;11.29657477;297.469883
31276800;11.04427736;297.75
31287600;10.81426202;297.6536484
31298400;11.37928154;297.3116541
31309200;11.41019215;297.147995
31320000;11.49289891;297.065873
31330800;11.35839599;297.05
31341600;11.04511278;297.05
31352400;11.27819549;297.1378028
31363200;11.10025063;297.5150794
31374000;11.09857978;297.6406433
31384800;11.33082707;297.4793233
31395600;11.14619883;297.3060568
31406400;11.3625731;297.1186717
31417200;10.90810359;296.9601921
31428000;10.4962406;297.0058062
31438800;10.13700919;294.7966165
31449600;9.837092732;295.3918546
31460400;10.02756892;295.1961153
31471200;9.949039265;296.1624478
31482000;9.980785297;296.4694653
31492800;10.49916388;296.6451505
31503600;10.10526316;296.6654553
31514400;10.7176274;296.851086
31525200;10.95488722;297.4835004
31536000;10.95488722;297.4835004
