Time;PumpSpeed;PumpVolFlow;MixValve;ThrotValve;TempSup;Temp Ret;cp;mflow kg/s;deltaT;Qflow W
0;2547.420541;0.00019552;0.161121417;0.655325475;308.7240322;303.2577782;4.18;0.195519805;5.466253997;-4467.420633
43200;2547.418933;0.000195406;0.176341209;0.655324684;311.8005828;304.7169022;4.18;0.195406018;7.083680602;-5785.930151
86400;2547.372636;0.000194597;0.176575118;0.655302393;312.2466237;305.3046933;4.18;0.194596662;6.941930396;-5646.66369
129600;2547.37516;0.000194546;0.173487916;0.655316447;311.9687032;305.2949863;4.18;0.194545913;6.673716892;-5427.079353
172800;2547.36166;0.000195451;0.141828717;0.655311015;306.1460138;302.4183638;4.18;0.195451065;3.727649929;-3045.43576
216000;2547.394713;0.000194962;0.153663117;0.655335657;308.0887109;302.976109;4.18;0.194962477;5.112601834;-4166.479862
259200;2547.342443;0.000199472;0.124439526;0.655306045;303.1312273;300.9219042;4.18;0.199472094;2.20932304;-1842.118869
302400;2547.406227;0.000200142;0.132454532;0.655354962;302.9329259;300.0474113;4.18;0.200141804;2.885514582;-2414.000547
345600;2547.410275;0.000199233;0.126561361;0.655375144;301.4448978;298.9928623;4.18;0.199233194;2.452035478;-2042.04228
388800;2547.385743;0.000195786;0.147467236;0.655346328;306.0693052;301.4786231;4.18;0.195786339;4.590682088;-3756.954066
432000;2547.389975;0.000195882;0.120826396;0.655316888;302.5915671;300.358831;4.18;0.19588209;2.232736097;-1828.135593
475200;2547.383738;0.000196919;0.144974636;0.655351124;304.6858385;300.6505252;4.18;0.19691939;4.035313278;-3321.559381
518400;2547.408104;0.000194776;0.145128267;0.65536758;305.2685601;301.1867042;4.18;0.194776086;4.081855849;-3323.300249
561600;2547.36786;0.000194369;0.177630358;0.655390292;310.7171005;303.4641722;4.18;0.194369122;7.252928337;-5892.735402
604800;2547.414255;0.00019451;0.167545234;0.655423871;309.3938574;302.9358694;4.18;0.194509777;6.457988046;-5250.672785
648000;2547.368735;0.000194686;0.161114718;0.655371347;308.2373892;302.467695;4.18;0.194685681;5.769694261;-4695.297263
691200;2547.357298;0.00019452;0.17264694;0.655330183;311.1398008;304.3586232;4.18;0.194519924;6.781177606;-5513.729966
734400;2547.366202;0.000195208;0.195218738;0.655331537;314.3661932;305.9232222;4.18;0.195208368;8.442970977;-6889.219284
777600;2547.421776;0.000194505;0.201509259;0.655325058;313.8821454;305.4155633;4.18;0.194504729;8.46658213;-6883.583311
820800;2547.391085;0.00019462;0.197550912;0.655326478;315.348574;306.3160289;4.18;0.194619901;9.032545173;-7348.076535
864000;2547.403357;0.00019457;0.194469752;0.655307423;313.9466787;305.7130325;4.18;0.194569792;8.233646225;-6696.43873
907200;2547.374865;0.00019469;0.215431746;0.655320666;317.981093;307.5584718;4.18;0.194690262;10.42262122;-8481.984351
950400;2547.412859;0.00019457;0.208701148;0.655276718;318.7169377;308.7207731;4.18;0.19456986;9.996164586;-8129.900802
993600;2547.396387;0.000194465;0.235818459;0.655280386;321.5646368;309.8066498;4.18;0.194464515;11.75798699;-9557.616993
1036800;2547.377617;0.000194755;0.2198021;0.6552629;319.511076;309.3099817;4.18;0.194755312;10.20109424;-8304.47826
1080000;2547.374277;0.000195478;0.224661534;0.655308509;319.9235586;309.1485907;4.18;0.19547808;10.77496792;-8804.208762
1123200;2547.355439;0.000195654;0.21575973;0.655281124;318.3922555;308.5550956;4.18;0.195654135;9.837159943;-8045.166663
1166400;2546.024759;0.000194571;0.209254872;0.655058595;317.1906774;308.0364711;4.18;0.194570865;9.154206231;-7445.172818
1209600;2547.416873;0.000194533;0.188035333;0.655299244;312.0007782;305.067368;4.18;0.194532874;6.933410214;-5637.88459
1252800;2547.338295;0.000195508;0.193907949;0.655310165;314.4463134;306.2271221;4.18;0.195507706;8.219191321;-6716.905691
1296000;2547.411607;0.000195079;0.173397529;0.655288021;311.7022772;305.1857142;4.18;0.195079362;6.516563028;-5313.812283
1339200;2547.414958;0.000196262;0.180806594;0.655324343;311.979261;304.7578678;4.18;0.196261588;7.221393176;-5924.239134
1382400;2547.363926;0.000195212;0.19342131;0.655334918;313.8496634;305.3860026;4.18;0.195212218;8.4636608;-6906.237801
1425600;2547.414534;0.000197081;0.212601989;0.655302788;317.4446489;307.4156949;4.18;0.197080542;10.02895399;-8261.818835
1468800;2547.385095;0.000194707;0.200445457;0.655328058;315.2409253;306.1635674;4.18;0.194706916;9.077357953;-7387.833884
1512000;2547.377707;0.000197442;0.216529717;0.655323797;317.3154952;307.2192935;4.18;0.197442115;10.09620177;-8332.476487
1555200;2547.383348;0.000195094;0.192319577;0.655321847;314.7266165;306.1252879;4.18;0.195093984;8.601328553;-7014.32195
1598400;2547.374136;0.000196393;0.22775023;0.655315618;319.5518607;308.2961279;4.18;0.196393069;11.25573282;-9240.090261
1641600;2547.373095;0.000194686;0.183102741;0.655264664;313.668206;306.1693726;4.18;0.19468573;7.498833457;-6102.448325
1684800;2547.355394;0.000196643;0.224065373;0.655280978;319.1161107;308.1227466;4.18;0.196642612;10.99336412;-9036.172835
1728000;2547.372204;0.000194464;0.198482776;0.65525508;315.8866299;307.315134;4.18;0.194464166;8.571495957;-6967.428044
1771200;2547.413402;0.000197877;0.126260023;0.655315792;308.6824761;302.9476055;4.18;0.197876655;5.734870584;-4743.45149
1814400;2547.363508;0.000202273;0.114804319;0.655362244;306.0028348;299.5796064;4.18;0.202273397;6.423228377;-5430.85757
1857600;2547.362684;0.000194464;0.212323321;0.655274795;317.7417614;307.6774503;4.18;0.19446417;10.06431108;-8180.878214
1900800;2547.397422;0.000194421;0.20051566;0.655284346;314.7159903;305.4070072;4.18;0.19442096;9.308983073;-7565.220777
1944000;2547.373503;0.000194231;0.202370679;0.655270241;315.5210792;306.2401751;4.18;0.194231483;9.280904075;-7535.050913
1987200;2547.386644;0.000194455;0.207088135;0.655255989;317.0290243;307.3488426;4.18;0.194454981;9.680181658;-7868.262881
2030400;2547.376975;0.000195983;0.213976496;0.655251066;317.418859;307.5162187;4.18;0.195982888;9.9026403;-8112.326808
2073600;2547.429781;0.000195195;0.208625892;0.65525831;316.878959;307.2820527;4.18;0.195194731;9.596906342;-7830.250016
2116800;2547.377746;0.000197214;0.217630422;0.65525957;318.5988509;308.0492912;4.18;0.197214065;10.54955966;-8696.580077
2160000;2547.39975;0.000195792;0.217621564;0.655248457;319.2023827;308.5442195;4.18;0.195792204;10.65816314;-8722.762348
2203200;2547.409982;0.000203194;0.242977532;0.655233792;322.2435081;310.1192514;4.18;0.2031937;12.12425675;-10297.73344
2246400;2547.36171;0.000211985;0.284416067;0.655235584;326.7545811;312.4143213;4.18;0.21198492;14.34025985;-12706.86071
2289600;2547.42768;0.000215845;0.295010333;0.655222921;328.0991879;313.4243265;4.18;0.215845128;14.67486145;-13240.13891
2332800;2547.427273;0.000204823;0.268790049;0.655222587;324.9897431;312.1636615;4.18;0.204822736;12.82608162;-10981.1657
2376000;2547.400392;0.000211446;0.268513156;0.65522711;323.7141113;311.0996346;4.18;0.211445891;12.61447668;-11149.22732
2419200;2547.417067;0.000199002;0.247753296;0.655240449;322.4062489;310.3715466;4.18;0.199002467;12.03470228;-10010.83015
2462400;2547.387493;0.000207534;0.254727577;0.655237826;322.9483782;310.5450642;4.18;0.207534097;12.40331405;-10759.78224
2505600;2545.997136;0.000211262;0.234607244;0.655082352;321.7594052;310.3166132;4.18;0.211262283;11.44279209;-10104.85902
2548800;2547.397206;0.000200748;0.234821998;0.655223942;321.1736474;309.925891;4.18;0.200748302;11.24775637;-9438.306186
2592000;2547.386556;0.000201304;0.228242579;0.655267544;319.0489179;308.1719399;4.18;0.201303771;10.87697799;-9152.430567
2635200;2547.377943;0.000208052;0.239807321;0.655269122;321.1067754;309.497827;4.18;0.208051632;11.60894841;-10095.78956
2678400;2547.369664;0.000198421;0.213799361;0.655292634;317.1174478;307.1525069;4.18;0.198420625;9.964940857;-8264.904149
2721600;2547.436797;0.000203914;0.231444502;0.655276995;319.5927455;308.4604862;4.18;0.203913779;11.13225932;-9488.688069
2764800;2547.370023;0.000197256;0.221802705;0.655266348;318.5222656;307.9717874;4.18;0.197255547;10.5504783;-8699.166744
2808000;2547.364989;0.000210115;0.229530742;0.655291702;321.936995;309.5792877;4.18;0.21011497;12.35770735;-10853.53432
2851200;2547.40085;0.000208373;0.235994823;0.655272755;321.011898;309.564731;4.18;0.208372679;11.44716702;-9970.457255
2894400;2547.444759;0.000211324;0.258778498;0.655267838;322.353541;310.0470255;4.18;0.211323576;12.30651551;-10870.74572
2937600;2547.335219;0.000208392;0.236622204;0.655235454;320.7316125;309.4681046;4.18;0.208392268;11.2635079;-9811.412848
2980800;2547.345609;0.000209238;0.246901078;0.655252817;320.9974505;309.4609064;4.18;0.209238275;11.53654403;-10090.04589
3024000;2547.392912;0.000202448;0.244932577;0.655254186;321.3271605;309.4540064;4.18;0.20244821;11.87315415;-10047.46098
3067200;2547.361702;0.000206856;0.300151456;0.655200483;322.1202128;309.8712762;4.18;0.206855792;12.24893659;-10591.13133
3110400;2547.402457;0.000208092;0.255885777;0.655232981;322.1460983;309.8711704;4.18;0.208092485;12.27492792;-10677.05869
3153600;2547.388728;0.00021034;0.221431012;0.655222838;323.7888006;310.8544076;4.18;0.210340399;12.93439306;-11372.21414
3196800;2547.410108;0.00021087;0.218067401;0.655234103;324.0263177;311.1066064;4.18;0.210870438;12.91971125;-11387.93
3240000;2547.264982;0.0002144;0.215968129;0.655237242;324.9814079;311.3754875;4.18;0.214400322;13.60592048;-12193.53542
3283200;2547.371841;0.000207742;0.169182203;0.655261701;325.4009026;311.4325271;4.18;0.207741677;13.96837547;-12129.58143
3326400;2547.475158;0.000216877;0.173331841;0.655240006;326.6954381;312.1408762;4.18;0.216877449;14.55456197;-13194.40519
3369600;2547.340426;0.000221631;0.181399198;0.655239381;329.1730891;313.2901103;4.18;0.221631208;15.88297875;-14714.28457
3412800;2547.254152;0.000227557;0.179457059;0.655240217;330.6858123;314.2492781;4.18;0.227557161;16.43653417;-15634.24943
3456000;2547.208092;0.000228685;0.182884312;0.655241112;330.5006503;314.4282514;4.18;0.228684972;16.07239889;-15363.65727
3499200;2546.234657;0.000238949;0.292026886;0.655226969;330.5674729;315.248989;4.18;0.238949059;15.31848393;-15300.21002
3542400;2546.779061;0.000224529;0.27180097;0.655193256;331.8094224;315.9651624;4.18;0.224528681;15.84426;-14870.31153
3585600;2547.2;0.0002143;0.219938391;0.655194854;331.5747653;315.3053069;4.18;0.214300041;16.26945845;-14573.76064
3628800;2546.68231;0.00022501;0.281057797;0.655190364;331.5123827;315.4540434;4.18;0.225010028;16.05833931;-15103.54127
3672000;2546.739884;0.000221339;0.266487084;0.655185545;330.9027457;315.501445;4.18;0.221339114;15.40130063;-14249.24478
3715200;2547.289436;0.000201922;0.211772794;0.655205587;328.2178003;313.4222142;4.18;0.201921529;14.79558614;-12487.94801
3758400;2547.369675;0.000195447;0.195179471;0.655231431;327.0170036;312.599314;4.18;0.195447249;14.41768963;-11778.81272
3801600;2547.150507;0.000206384;0.244584041;0.65519899;326.5449349;312.9765557;4.18;0.20638366;13.56837919;-11705.21957
3844800;2547.154624;0.000202854;0.234351226;0.655211895;327.4475433;313.2875722;4.18;0.202854043;14.15997111;-12006.66291
3888000;2546.675109;0.000216132;0.278177301;0.655207547;328.065919;313.9017366;4.18;0.216132013;14.16418236;-12796.373
3931200;2546.699639;0.000218672;0.283418567;0.655187803;330.6061733;315.2211913;4.18;0.218672282;15.384982;-14062.6449
3974400;2547.401747;0.000196102;0.180347369;0.655197021;330.8656477;314.5975986;4.18;0.196102213;16.26804919;-13335.03786
4017600;2547.443642;0.000205764;0.083414783;0.655280224;310.6999277;304.403107;4.18;0.20576429;6.296820708;-5415.862327
4060800;2547.413718;0.000218111;-0.006722012;0.655436984;295.1623465;293.7173645;4.18;0.218110712;1.444981993;-1317.394096
4104000;2547.410108;0.000216025;-0.006731074;0.655480364;293.7482672;292.2509387;4.18;0.216024871;1.49732847;-1352.063595
4147200;2547.383394;0.000216727;-0.006729862;0.655498102;292.9759205;291.4653068;4.18;0.216726837;1.510613729;-1368.492438
4190400;2547.375;0.000212628;-0.006332715;0.65748591;291.3836705;290.0994942;4.18;0.212628453;1.284176244;-1141.359067
4233600;2547.373285;0.000201163;0.099968517;0.66714749;301.9071841;296.0515162;4.18;0.201163256;5.855667957;-4923.811071
4276800;2535.828114;0.000215323;0.140089343;0.664243967;305.627276;298.0042608;4.18;0.215323298;7.623015242;-6861.105442
4320000;2541.570381;0.000206582;0.215048814;0.665528683;324.0509531;310.7750733;4.18;0.206581947;13.27587983;-11463.88869
4363200;2538.07303;0.000217281;0.021982204;0.665565323;295.1855749;291.6677151;4.18;0.217281274;3.517859733;-3195.045892
4406400;2547.359307;0.000210317;0.190091578;0.667144522;333.3812636;314.2153679;4.18;0.210317461;19.16589569;-16849.25612
4449600;2547.320824;0.000205175;0.128868868;0.666735444;318.3740441;307.5166666;4.18;0.205175374;10.85737748;-9311.645906
4492800;2547.147695;0.000208573;0.194973527;0.667022496;314.8282421;302.8418588;4.18;0.208573485;11.9863833;-10450.17445
4536000;2544.745677;0.000270413;0.552588111;0.666819559;338.3574928;319.5333574;4.18;0.270413069;18.82413545;-21277.42155
4579200;2545.652988;0.000259359;0.277459167;0.666235627;336.4583513;318.2144349;4.18;0.259359249;18.24391637;-19778.62489
4622400;2546.940922;0.00023497;0.192923151;0.665939293;335.1722623;316.5256486;4.18;0.23497038;18.64661374;-18314.26
4665600;2546.731461;0.000240101;0.19364649;0.665581553;335.7256659;317.0637506;4.18;0.240100789;18.66191528;-18729.49564
4708800;2546.252161;0.000254403;0.208748449;0.665569449;339.8989192;318.7238473;4.18;0.254402813;21.17507191;-22517.65101
4752000;2546.380403;0.000251161;0.196772783;0.665654867;336.0099424;317.9828532;4.18;0.251160737;18.02708915;-18925.77346
4795200;2547.221022;0.000227222;0.171608162;0.665638623;326.3786536;312.9412886;4.18;0.227221824;13.43736499;-12762.63758
4838400;2547.398415;0.000219801;0.160007444;0.665735311;319.2903459;308.8989194;4.18;0.219800675;10.39142647;-9547.29787
4881600;2547.362392;0.000215358;0.153953031;0.665689386;316.2790346;307.1242076;4.18;0.215357831;9.154827024;-8241.136216
4924800;2547.335286;0.000210814;0.153133583;0.665105891;316.3203514;307.0945094;4.18;0.210814219;9.225841947;-8129.843614
4968000;2547.363571;0.000211363;0.156886528;0.666141839;318.1059395;308.0487761;4.18;0.211363092;10.05716339;-8885.480959
5011200;2547.347292;0.00020355;0.159764629;0.665974405;319.4720937;308.9570759;4.18;0.203549939;10.51501784;-8946.584567
5054400;2547.315789;0.000209305;0.158314606;0.666102715;318.7453135;308.57062;4.18;0.209304654;10.17469354;-8901.77279
5097600;2547.387726;0.000210309;0.159373844;0.66562673;318.8487725;308.8512993;4.18;0.210308865;9.997473271;-8788.689343
5140800;2547.443403;0.000208504;0.15617969;0.665596821;318.9432228;308.7216654;4.18;0.208503565;10.22155744;-8908.546265
5184000;2547.403319;0.000200898;0.153618247;0.665576122;318.0392496;308.398485;4.18;0.200897866;9.640764591;-8095.861749
5227200;2547.409517;0.000203737;0.155725083;0.6655707;317.6051948;307.8862917;4.18;0.203737081;9.718903081;-8276.821959
5270400;2547.394661;0.000201659;0.153319948;0.665584197;318.2775414;308.3951332;4.18;0.20165945;9.882408238;-8330.242623
5313600;2547.356421;0.000207512;0.158211752;0.665577388;318.9832611;308.6968975;4.18;0.207511624;10.28636366;-8922.37732
5356800;2547.264069;0.000214386;0.172843901;0.665568774;317.3036075;308.0985571;4.18;0.214385924;9.205050426;-8248.950937
5400000;2547.354722;0.000210646;0.150706384;0.665580511;316.1342825;307.15447;4.18;0.21064648;8.979812515;-7906.745442
5443200;2547.362193;0.000207592;0.161585114;0.665615288;320.2963203;309.0950936;4.18;0.207591791;11.20122674;-9719.681756
5486400;2547.348955;0.000208724;0.169744406;0.665511065;326.5313987;312.5216657;4.18;0.208723865;14.00973304;-12223.01229
5529600;2547.380231;0.000204165;0.16750038;0.659767829;324.5550505;312.0038961;4.18;0.204164661;12.5511544;-10711.25915
5572800;2547.398121;0.000205744;0.164605898;0.664195164;323.2007948;311.1947977;4.18;0.205744219;12.00599719;-10325.28767
5616000;2547.380333;0.000198903;0.154628892;0.662040031;319.9079175;309.5130513;4.18;0.198903348;10.3948662;-8642.458017
5659200;2547.408796;0.000200132;0.153924008;0.666828773;317.9797766;308.3752345;4.18;0.200132178;9.604542194;-8034.703814
5702400;2547.433622;0.000198112;0.156280705;0.666779266;318.4508658;308.3724389;4.18;0.198112071;10.07842685;-8346.030493
5745600;2547.348485;0.000199836;0.173923233;0.665949748;322.7559884;310.651371;4.18;0.199835656;12.10461746;-10111.14483
5788800;2547.416306;0.000198152;0.159866438;0.665799444;320.0829726;309.7212842;4.18;0.198152154;10.36168839;-8582.337854
5832000;2547.42682;0.000198149;0.144712598;0.665773914;313.3812906;306.1344269;4.18;0.198149481;7.246863651;-6002.322289
5875200;2547.393218;0.000207011;0.144937506;0.665704215;310.4850649;304.2197691;4.18;0.207010582;6.265295859;-5421.387018
5918400;2547.396104;0.000200297;0.144158757;0.665781444;311.2021646;304.3683262;4.18;0.200296615;6.833838405;-5721.561847
5961600;2547.355443;0.000201114;0.148118897;0.665741763;314.0428623;305.9487745;4.18;0.201113513;8.094087801;-6804.331195
6004800;2547.385281;0.000197531;0.151544684;0.665710297;314.3577201;306.3025975;4.18;0.197530862;8.055122601;-6650.945587
6048000;2547.400433;0.000198413;0.159521377;0.665672618;318.2169553;308.8424244;4.18;0.198412696;9.374530908;-7774.908477
6091200;2547.385725;0.000200733;0.179391475;0.665605347;322.1174837;311.0554074;4.18;0.200732995;11.06207639;-9281.789163
6134400;2547.392496;0.000199635;0.16881493;0.665958308;321.4882395;310.8935066;4.18;0.199635239;10.5947329;-8841.042916
6177600;2547.369742;0.000199897;0.165755824;0.665216785;320.3499999;310.3492622;4.18;0.199897497;10.00073777;-8356.331835
6220800;2547.385288;0.000198511;0.155844688;0.665201235;317.0025127;308.388092;4.18;0.198510963;8.614420769;-7148.038107
6264000;2547.418234;0.000196274;0.159947368;0.665566755;317.5070189;308.5945731;4.18;0.196273514;8.912445792;-7311.978075
6307200;2547.344678;0.000197844;0.161596549;0.665550545;318.2176322;309.0697689;4.18;0.19784375;9.147863304;-7565.162887
6350400;2547.462373;0.0001975;0.175688922;0.665548123;318.3419681;309.0622287;4.18;0.197499595;9.279739416;-7660.873181
6393600;2547.378163;0.000201073;0.159207371;0.665557814;318.5687997;309.3261387;4.18;0.201072546;9.24266098;-7768.301663
6436800;2547.421852;0.000197399;0.161188903;0.665573904;317.9170767;308.9570912;4.18;0.197399097;8.959985474;-7393.13691
6480000;2547.390738;0.000200635;0.158328444;0.665567583;317.530246;308.8829231;4.18;0.200635148;8.647322938;-7252.119932
6523200;2547.36903;0.000201198;0.165076117;0.665592674;319.0279305;309.5232996;4.18;0.20119794;9.504630932;-7993.464849
6566400;2547.394794;0.000200349;0.164540471;0.665145384;319.7100868;310.0724155;4.18;0.20034948;9.637671299;-8071.172166
6609600;2547.403039;0.00019959;0.168074399;0.662438899;321.9557887;310.8565124;4.18;0.199589964;11.09927628;-9259.971371
6652800;2547.42227;0.000203925;0.171833357;0.656531586;323.2220897;311.6839842;4.18;0.203924639;11.53810549;-9835.138728
6696000;2547.404486;0.000211489;0.171317273;0.656519974;325.2044139;312.653763;4.18;0.211488986;12.55065094;-11095.07617
6739200;2547.41074;0.000211317;0.175186361;0.656494839;324.0912918;312.4894775;4.18;0.211316724;11.60181427;-10247.92786
6782400;2547.402466;0.000201736;0.166685975;0.656513557;320.0196882;310.2565264;4.18;0.201736361;9.76316184;-8232.864233
6825600;2547.399421;0.000202947;0.18012069;0.656550226;319.0531114;309.0528943;4.18;0.202946614;10.00021716;-8483.352683
6868800;2547.406363;0.000202961;0.167784116;0.656533323;320.9506507;310.440745;4.18;0.202960551;10.50990578;-8916.342411
6912000;2547.20481;0.000219044;0.166277433;0.65635916;318.9862973;310.3369537;4.18;0.21904357;8.64934363;-7919.357385
6955200;2546.872648;0.000237578;0.168808091;0.656001401;319.8356006;310.8403039;4.18;0.237578387;8.99529663;-8933.02811
6998400;2546.619392;0.000243809;0.171479883;0.655980009;321.5338639;311.7327784;4.18;0.24380929;9.801085567;-9988.510077
7041600;2546.65123;0.000243628;0.169897947;0.655968968;322.2958032;312.2087554;4.18;0.243628393;10.08704777;-10272.31336
7084800;2546.862617;0.000238913;0.1644914;0.65592744;320.1906363;311.3022054;4.18;0.238912989;8.888430824;-8876.487368
7128000;2546.836469;0.000239166;0.169883841;0.655774976;321.6144718;311.6790159;4.18;0.239166262;9.935455907;-9932.624054
7171200;2546.633864;0.000244251;0.173064967;0.655637238;324.2503618;313.4552101;4.18;0.244251483;10.79515164;-11021.53891
7214400;2546.79248;0.000239656;0.177012653;0.655581276;325.2494939;313.9648229;4.18;0.239656139;11.28467095;-11304.56201
7257600;2546.892598;0.000238228;0.179360003;0.655392785;325.6091437;313.994775;4.18;0.238227703;11.61436867;-11565.49306
7300800;2546.732507;0.000243643;0.187485813;0.655304919;329.0739067;315.9392858;4.18;0.243642691;13.13462097;-13376.64538
7344000;2546.436009;0.000246867;0.189785933;0.655334714;328.9862256;315.7008315;4.18;0.246866709;13.28539418;-13709.23605
7387200;2546.368307;0.000249819;0.20107347;0.655328364;333.4532561;318.0774239;4.18;0.249819096;15.37583228;-16056.11788
7430400;2546.45152;0.000250221;0.189224154;0.655193773;330.614327;317.0921852;4.18;0.250221091;13.52214182;-14143.13483
7473600;2546.368307;0.000249759;0.188736186;0.655220713;330.6350217;316.8281478;4.18;0.249758797;13.80687391;-14414.26277
7516800;2546.445409;0.000248935;0.190316109;0.655202703;330.1144975;316.5100143;4.18;0.24893548;13.60448317;-14156.14916
7560000;2546.565123;0.000245819;0.189897147;0.655206608;331.0034733;316.7861071;4.18;0.245819258;14.21736619;-14608.69209
7603200;2546.044139;0.000254201;0.219819984;0.655174423;331.6527496;317.5078873;4.18;0.25420083;14.14486229;-15029.75739
7646400;2546.340564;0.000251486;0.202771521;0.655134077;334.4064715;318.7645336;4.18;0.251486296;15.64193784;-16443.00396
7689600;2546.316208;0.000252311;0.199006213;0.655106438;335.1371201;319.6336468;4.18;0.252311459;15.50347336;-16350.92264
7732800;2546.371201;0.000250583;0.196468712;0.655117617;334.0204777;318.9660637;4.18;0.250582885;15.05441399;-15768.54206
7776000;2546.37961;0.000250382;0.195160848;0.65511612;333.5635213;318.8733552;4.18;0.250381612;14.69016609;-15374.65638
7819200;2546.12301;0.000257578;0.204863219;0.655134924;332.4539071;318.3287258;4.18;0.25757758;14.12518129;-15208.21947
7862400;2545.635802;0.000267897;0.217045482;0.655231345;329.6196756;316.0004624;4.18;0.267896945;13.61921321;-15250.92066
7905600;2546.320318;0.000253455;0.19112212;0.655151978;330.0560014;316.7392988;4.18;0.253454642;13.31670265;-14108.25282
7948800;2546.354525;0.000252348;0.193283859;0.655147187;330.4200074;316.7186613;4.18;0.252347704;13.70134616;-14452.36359
7992000;2545.388567;0.000267085;0.274133932;0.655146627;332.1651954;318.1853112;4.18;0.267084736;13.97988419;-15607.34116
8035200;2545.597685;0.000263527;0.244964385;0.655077427;334.2105644;319.5709117;4.18;0.26352709;14.63965272;-16126.21042
8078400;2545.071584;0.000274886;0.307206204;0.655074112;335.4186189;320.3246925;4.18;0.274885512;15.09392645;-17343.24512
8121600;2545.729378;0.000263748;0.249744229;0.65511378;332.9633864;318.3675108;4.18;0.263748187;14.59587557;-16091.47729
8164800;2546.097685;0.000255025;0.223964763;0.655139506;329.2645442;316.3666425;4.18;0.255024918;12.89790163;-13749.21676
8208000;2546.424023;0.000249739;0.185332489;0.655110026;328.2264834;315.9138926;4.18;0.249738698;12.31259074;-12853.20896
8251200;2546.430224;0.000249458;0.18683985;0.655122078;329.259183;316.231851;4.18;0.249457694;13.02733196;-13584.03105
8294400;2546.407381;0.000250422;0.194124459;0.655093603;331.9380608;317.7341534;4.18;0.250422087;14.2039074;-14868.14354
8337600;2546.310918;0.000253254;0.201650978;0.655096068;335.5434924;319.5804409;4.18;0.25325379;15.96305149;-16898.49977
8380800;2545.489162;0.000265013;0.27946518;0.655068789;332.9410404;319.1616331;4.18;0.26501284;13.77940739;-15264.18912
8424000;2546.184382;0.000251948;0.245970358;0.655094247;328.9987346;316.6667029;4.18;0.251948256;12.33203169;-12987.40161
8467200;2546.591468;0.000245802;0.210708557;0.655154654;324.5570138;313.4893348;4.18;0.245802196;11.06767898;-11371.52198
8510400;2546.546638;0.000244979;0.209019969;0.655155453;326.5107375;314.4617136;4.18;0.244978705;12.04902388;-12338.33283
8553600;2546.60376;0.000244878;0.213337538;0.655125885;325.8454447;314.2457339;4.18;0.244878279;11.59971083;-11873.36201
8596800;2546.678494;0.000243141;0.201479556;0.655134418;324.2382694;313.284323;4.18;0.243141037;10.95394646;-11132.8193
8640000;2546.718659;0.000241213;0.205795687;0.655144907;323.9443149;313.0285714;4.18;0.241213148;10.91574345;-11006.02713
8683200;2546.710701;0.00024197;0.189047325;0.655151565;323.3837021;312.8002949;4.18;0.241969842;10.58340716;-10704.4172
8726400;2546.694645;0.000241076;0.219008093;0.655119908;322.3191028;312.6721418;4.18;0.241075734;9.646961013;-9721.209512
8769600;2546.70767;0.000242302;0.200442876;0.655132026;321.1998553;311.7744573;4.18;0.242301814;9.425398069;-9546.246577
8812800;2546.663531;0.00024387;0.216295503;0.655143067;321.1044139;311.5109984;4.18;0.24386959;9.593415455;-9779.286778
8856000;2546.672938;0.000242121;0.201992819;0.655132495;322.7137482;312.3446455;4.18;0.242120916;10.36910268;-10494.21035
8899200;2546.485177;0.000245421;0.210375318;0.655113173;322.6510846;312.7309109;4.18;0.24542058;9.920173706;-10176.68978
8942400;2546.696816;0.000241719;0.173145705;0.655143455;322.9534732;312.6664978;4.18;0.241718922;10.28697547;-10393.80668
8985600;2546.780753;0.000240071;0.176539264;0.655160926;324.1508684;313.1803184;4.18;0.240070748;10.97055001;-11008.90005
9028800;2546.65123;0.00024186;0.212654262;0.655133599;328.0589725;315.3430534;4.18;0.24185962;12.71591906;-12855.45354
9072000;2546.470716;0.000246967;0.230517536;0.655129801;327.995047;315.5646782;4.18;0.246967137;12.43036883;-12832.15107
9115200;2546.567294;0.000245096;0.189708728;0.655151706;330.598191;316.6123734;4.18;0.24509567;13.98581759;-14328.46871
9158400;2546.479016;0.00024789;0.187460727;0.655152286;328.7069465;315.8178005;4.18;0.247889526;12.88914601;-13355.45236
9201600;2546.429088;0.000249437;0.198103923;0.655183505;332.7478292;317.680246;4.18;0.249437202;15.06758317;-15710.17801
9244800;2546.530747;0.000246299;0.192508255;0.655184417;328.2299414;315.5629576;4.18;0.246299002;12.66698379;-13041.03767
9288000;2545.735166;0.000260412;0.254834057;0.655192669;331.8751085;317.5250361;4.18;0.260411636;14.35007237;-15620.34995
9331200;2546.523155;0.000245779;0.183037681;0.655105996;327.8934877;315.8866138;4.18;0.245779059;12.00687391;-12335.33956
9374400;2546.51809;0.000247126;0.183497715;0.655141217;327.8325615;315.3984081;4.18;0.247125738;12.4341534;-12844.30123
9417600;2546.723066;0.000239295;0.214701029;0.655124092;324.4117498;313.6515184;4.18;0.239294608;10.76023143;-10762.93722
9460800;2546.851664;0.00023798;0.179701121;0.655132578;324.6031838;313.425181;4.18;0.23798038;11.17800283;-11119.40763
9504000;2546.853111;0.000239126;0.179307556;0.655126864;324.6193198;313.722431;4.18;0.239126063;10.89688885;-10891.95193
9547200;2547.091962;0.00023059;0.174196595;0.655165605;323.5387038;313.0766473;4.18;0.23058975;10.46205653;-10084.01174
9590400;2547.181621;0.000230182;0.179356718;0.655148753;322.5470333;312.7890013;4.18;0.230181702;9.758031953;-9388.783273
9633600;2547.036684;0.000232616;0.200957483;0.655205884;324.2568966;313.2695893;4.18;0.232615961;10.98730725;-10683.3403
9676800;2546.595514;0.000246744;0.173020167;0.655293943;315.777424;307.7015917;4.18;0.246743844;8.075832292;-8329.32676
9720000;2546.694866;0.000243051;0.177919615;0.655255938;323.869812;312.6345263;4.18;0.24305053;11.23528574;-11414.50221
9763200;2547.04631;0.000232795;0.170600336;0.655476011;319.2154848;309.5554992;4.18;0.232794661;9.659985657;-9399.955103
9806400;2547.203763;0.00022957;0.166882118;0.655515493;318.2379033;309.3333334;4.18;0.229569893;8.904569874;-8544.844426
9849600;2547.344836;0.000224013;0.172470226;0.655634701;311.6130731;303.9273048;4.18;0.224013437;7.685768309;-7196.770259
9892800;2547.373552;0.000222453;0.180740279;0.655540237;319.9628212;309.6165996;4.18;0.222453124;10.3462216;-9620.476124
9936000;2547.408732;0.000221977;0.164951107;0.655524967;319.117673;309.917348;4.18;0.221977089;9.200324984;-8536.652487
9979200;2547.356654;0.000222385;0.16509377;0.655574043;318.3067025;309.3079254;4.18;0.222385304;8.998777115;-8364.998386
10022400;2547.380743;0.000220362;0.162029297;0.65552953;315.4750733;307.3509774;4.18;0.220362227;8.124095859;-7483.219326
10065600;2547.362659;0.000218855;0.166988814;0.655328392;318.0233138;309.110215;4.18;0.218855221;8.913098745;-8153.834869
10108800;2547.397066;0.000220321;0.165430928;0.655378137;319.5175305;310.2770903;4.18;0.220320568;9.240440255;-8509.890807
10152000;2547.340987;0.000218029;0.167382488;0.655455788;319.5442355;310.3811675;4.18;0.218029096;9.163067937;-8350.868466
10195200;2547.401467;0.000218351;0.16745952;0.655586575;320.5352812;311.0275062;4.18;0.218350994;9.507775056;-8677.81432
10238400;2547.397849;0.000220254;0.175272891;0.655749929;323.708651;312.7142719;4.18;0.220253614;10.9943791;-10122.08625
10281600;2547.426686;0.000214307;0.171945311;0.656238587;322.7749755;312.7515643;4.18;0.21430705;10.02341127;-8979.0066
10324800;2547.371457;0.000211266;0.171746071;0.656301046;323.0368524;312.6298144;4.18;0.211265885;10.40703802;-9190.365786
10368000;2547.370968;0.000208768;0.171578173;0.656388975;321.4966765;311.19174;4.18;0.208767785;10.30493642;-8992.595999
10411200;2547.407335;0.000216449;0.180414354;0.656396036;325.9325917;313.7261858;4.18;0.216449336;12.2064059;-11043.84615
10454400;2547.338789;0.00020568;0.190359339;0.656471001;318.3895962;310.1814984;4.18;0.205679537;8.208097779;-7056.833784
10497600;2547.413858;0.000207726;0.168109136;0.656504605;320.1593364;310.6289828;4.18;0.207725676;9.53035361;-8275.142436
10540800;2547.394053;0.00020985;0.172536153;0.656466746;322.0842691;312.024839;4.18;0.209849588;10.05943003;-8823.843093
10584000;2547.411349;0.000216238;0.183378203;0.656473314;324.4495716;312.9226066;4.18;0.216238403;11.52696507;-10418.95312
10627200;2546.710284;0.000216496;0.196650862;0.656484134;325.7751368;313.6383396;4.18;0.216496476;12.13679721;-10983.25859
10670400;2547.375648;0.000216962;0.183050523;0.656481651;327.085532;314.5351068;4.18;0.216961674;12.55042516;-11381.97806
10713600;2547.408628;0.0002228;0.171778448;0.656452038;327.0030752;314.4806858;4.18;0.222799904;12.5223894;-11662.14632
10756800;2547.335892;0.000224562;0.19710468;0.656421383;333.0296473;318.2017221;4.18;0.224562013;14.82792516;-13918.51684
10800000;2547.40654;0.000222779;0.193080292;0.656406941;331.1694304;317.5406752;4.18;0.222778953;13.6287552;-12691.31522
10843200;2547.159925;0.000226642;0.230304099;0.656408245;332.9424912;318.518741;4.18;0.226641548;14.42375019;-13664.5081
10886400;2547.277558;0.000218842;0.209620465;0.65640849;328.9312461;316.4160137;4.18;0.21884189;12.51523233;-11448.42268
10929600;2547.393599;0.000220571;0.195028593;0.656419912;331.8295303;317.5048213;4.18;0.22057126;14.32470906;-13207.20793
10972800;2547.360851;0.000219535;0.188618975;0.656413995;329.1252137;316.4174589;4.18;0.21953536;12.70775476;-11661.37036
11016000;2547.275855;0.000217959;0.214451976;0.656419612;331.2087781;317.397769;4.18;0.217959412;13.81100913;-12582.80084
11059200;2547.336929;0.000213958;0.181017327;0.656389077;327.721473;315.867033;4.18;0.213958047;11.85443995;-10601.95477
11102400;2547.400747;0.000216996;0.189084666;0.656429569;330.9866729;317.2446899;4.18;0.216996245;13.74198303;-12464.58745
11145600;2547.362878;0.000211673;0.182153222;0.656486665;325.8783212;314.0711262;4.18;0.21167304;11.80719501;-10446.92711
11188800;2547.389834;0.000214275;0.186582438;0.656444398;329.3723651;315.8850621;4.18;0.214275013;13.48730301;-12080.16667
11232000;2547.355113;0.000214294;0.232216613;0.65635902;331.8873159;318.1528003;4.18;0.214293946;13.7345156;-12302.67442
11275200;2547.157054;0.000217076;0.22792622;0.656355449;330.5154564;317.5447925;4.18;0.217075842;12.97066395;-11769.28241
11318400;2547.191039;0.000216195;0.222282423;0.656350189;326.181342;315.3100498;4.18;0.21619535;10.87129222;-9824.349392
11361600;2547.348683;0.000209333;0.178840676;0.65637403;326.8879382;315.2138249;4.18;0.209333011;11.67411323;-10214.98899
11404800;2547.394606;0.000210056;0.177563066;0.656370589;327.4748963;315.7148758;4.18;0.210056478;11.76002048;-10325.72226
11448000;2547.376685;0.000208186;0.180808855;0.65638275;329.1085148;316.533157;4.18;0.208186407;12.57535784;-10943.31759
11491200;2547.394451;0.000203095;0.181943323;0.65641525;327.8963287;315.5891532;4.18;0.203095303;12.30717546;-10448.03344
11534400;2547.386307;0.000209284;0.182351074;0.656428182;327.7112656;315.361556;4.18;0.209284233;12.34970962;-10803.62591
11577600;2547.422614;0.000203504;0.185516711;0.656448141;328.1734232;315.0087346;4.18;0.203503918;13.16468864;-11198.49468
11620800;2547.411618;0.000216453;0.190941491;0.656419587;331.6601245;317.3887761;4.18;0.216453437;14.27134846;-12912.36452
11664000;2547.353942;0.000215577;0.191953318;0.656418249;330.529834;316.6197303;4.18;0.215577457;13.91010372;-12534.58599
11707200;2547.406276;0.000205329;0.182010109;0.656419605;327.5432636;315.2998956;4.18;0.205328916;12.243368;-10508.17507
11750400;2547.402781;0.000201609;0.192102783;0.656383034;321.2618281;312.2841358;4.18;0.201609369;8.97769228;-7565.74513
11793600;2547.392035;0.00020235;0.179343193;0.656446851;318.0131611;309.7536093;4.18;0.202349672;8.259551817;-6986.107588
11836800;2547.377515;0.000200834;0.17362739;0.656486643;321.8536922;311.4061709;4.18;0.200834311;10.44752128;-8770.562684
11880000;2547.40332;0.000212713;0.190722427;0.656432178;330.9084855;316.8460996;4.18;0.212713233;14.06238588;-12503.44825
11923200;2547.387328;0.000209422;0.270582573;0.656383652;327.6483104;315.7167791;4.18;0.209421565;11.93153125;-10444.6494
11966400;2547.347023;0.000204355;0.295808349;0.656403568;329.1366832;316.561678;4.18;0.204354789;12.57500523;-10741.60745
12009600;2546.759315;0.000211577;0.275292081;0.656417349;320.0253466;311.4652514;4.18;0.211576883;8.560095251;-7570.474371
12052800;2547.375156;0.000211357;0.235532639;0.65643722;317.15403;309.6834444;4.18;0.211356923;7.470585509;-6600.052648
12096000;2547.342337;0.000211143;0.315374142;0.656443372;313.5730946;307.6621441;4.18;0.211142518;5.91095057;-5216.861493
12139200;2547.389154;0.000207387;0.256964594;0.656470374;317.1489154;309.2233405;4.18;0.207387322;7.925574937;-6870.514524
12182400;2547.376446;0.000200847;0.233263561;0.656442282;323.6360988;312.8124395;4.18;0.20084706;10.82365929;-9086.902607
12225600;2547.408356;0.000216064;0.224825106;0.65642544;329.0636889;316.1524353;4.18;0.216063641;12.91125361;-11660.74728
12268800;2547.335006;0.000213242;0.227663259;0.656381811;325.600711;314.7386031;4.18;0.213241787;10.86210794;-9681.94721
12312000;2547.363825;0.00021037;0.234108235;0.656453466;325.2306679;313.8007364;4.18;0.21037014;11.42993157;-10050.87817
12355200;2547.376559;0.000214106;0.267594514;0.656550589;319.0924979;309.7815045;4.18;0.21410594;9.3109934;-8332.993005
12398400;2547.395146;0.000203254;0.265921248;0.656503972;316.0823584;308.4875855;4.18;0.20325428;7.594772868;-6452.540975
12441600;2547.372199;0.000213745;0.296538744;0.656516149;311.5632781;305.956369;4.18;0.213744815;5.606909114;-5009.511591
12484800;2547.392865;0.000211505;0.297915471;0.656490054;314.1386538;307.3624457;4.18;0.211505221;6.776208118;-5990.790193
12528000;2547.360996;0.000213595;0.278519635;0.656451117;312.1236722;306.7463898;4.18;0.213594976;5.377282399;-4800.982908
12571200;2547.407177;0.000205922;0.269491679;0.656492981;315.8351278;308.3084941;4.18;0.205922007;7.526633714;-6478.580005
12614400;2547.38278;0.000204357;0.262698981;0.656452019;315.7977594;308.7305187;4.18;0.204356846;7.067240667;-6036.919059
12657600;2547.402988;0.000204647;0.260764263;0.656458631;320.7330048;311.1118387;4.18;0.204647114;9.621166098;-8230.18538
12700800;2547.429757;0.000201119;0.240028982;0.656407858;321.2766862;312.0635712;4.18;0.20111941;9.213114923;-7745.273468
12744000;2547.381822;0.000202555;0.251704082;0.656426326;319.0607284;310.6444804;4.18;0.202554701;8.416248024;-7125.857519
12787200;2547.405725;0.000208578;0.278788107;0.656442348;316.2031424;309.1636487;4.18;0.208578211;7.039493704;-6137.431313
12830400;2547.357187;0.000208256;0.273009967;0.656463182;316.3534639;308.8838933;4.18;0.208255549;7.4695706;-6502.322407
12873600;2547.373594;0.000187057;0.313262309;0.656467464;315.7832987;308.2096626;4.18;0.187057477;7.573636037;-5921.827936
12916800;2547.418344;0.000184576;0.257997628;0.656482988;315.6891989;307.7652315;4.18;0.184576099;7.923967397;-6113.563476
12960000;2547.440249;0.000183864;0.296547219;0.656492121;314.595332;307.0002073;4.18;0.183863532;7.595124652;-5837.229748
13003200;2547.370747;0.000184895;0.308231184;0.65649835;314.8304773;307.1580084;4.18;0.184895114;7.672468845;-5929.756352
13046400;2547.394562;0.000188079;0.299604822;0.656526852;315.0003944;306.6664176;4.18;0.188079425;8.333976738;-6551.939115
13089600;2547.361693;0.000177365;0.229117934;0.656495005;320.0795912;309.5626167;4.18;0.177365062;10.51697446;-7797.137212
13132800;2547.418344;0.000177319;0.257360409;0.656465819;318.9059867;309.6836377;4.18;0.177318949;9.222349011;-6835.542429
13176000;2547.367249;0.000173978;0.235005011;0.656477008;320.5610279;310.0876404;4.18;0.173978133;10.4733875;-7616.546896
13219200;2547.394813;0.000179864;0.244655029;0.656434371;322.7104772;311.7552285;4.18;0.179863995;10.95524875;-8236.501066
13262400;2547.410044;0.000183106;0.217509386;0.656427988;326.5942415;313.5531335;4.18;0.183106224;13.04110803;-9981.455631
13305600;2547.390583;0.000184286;0.223738637;0.656371728;326.001566;313.8953641;4.18;0.18428634;12.1062019;-9325.61194
13348800;2547.375441;0.000188153;0.214818661;0.656403347;328.9115225;315.0434453;4.18;0.188152526;13.8680772;-10906.93151
13392000;2547.402034;0.000187318;0.227972717;0.656487272;323.9564757;311.9569324;4.18;0.187318389;11.99954328;-9395.532766
13435200;2547.380448;0.000182781;0.23792203;0.656462399;321.9609381;311.3793483;4.18;0.182781008;10.58158983;-8084.595063
13478400;2547.374896;0.000188514;0.336773893;0.656475922;314.7468464;307.9157054;4.18;0.188514293;6.831141052;-5382.869084
13521600;2547.360581;0.000186612;0.27834672;0.656476332;311.2114315;305.435207;4.18;0.186612494;5.776224502;-4505.687455
13564800;2547.333887;0.000192168;0.378079003;0.656468138;313.3082901;306.7461195;4.18;0.192167578;6.562170632;-5271.132305
13608000;2547.321959;0.000175075;0.2614034;0.656464246;316.7048042;308.4235191;4.18;0.175075016;8.281285177;-6060.356838
13651200;2547.404604;0.000178822;0.279439723;0.656482813;315.8103691;307.6610328;4.18;0.178821607;8.149336373;-6091.419645
13694400;2547.366314;0.000177009;0.236838457;0.65647604;319.5841423;309.6780853;4.18;0.177009153;9.906057082;-7329.474382
13737600;2547.342051;0.000175834;0.23697706;0.656439648;320.2037982;310.4555834;4.18;0.175833683;9.748214883;-7164.789701
13780800;2547.401536;0.000178109;0.235396773;0.656437076;322.8164453;311.5345819;4.18;0.178108647;11.28186336;-8399.281192
13824000;2547.413278;0.000190111;0.221459036;0.656413872;326.351473;313.6671161;4.18;0.190110648;12.68435691;-10079.7829
13867200;2547.346401;0.000189881;0.216201579;0.656418183;327.8994088;314.3852417;4.18;0.189881074;13.51416711;-10726.23349
13910400;2547.381486;0.000181011;0.245170209;0.656412031;323.8747198;312.6899752;4.18;0.181011025;11.18474458;-8462.66949
13953600;2547.38527;0.000185996;0.238764983;0.656461794;322.6232572;311.7795227;4.18;0.18599585;10.8437345;-8430.598605
13996800;2547.419502;0.000181587;0.244736754;0.656429954;319.7840664;310.405166;4.18;0.181587138;9.378900367;-7118.906491
14040000;2547.411081;0.000186259;0.22158872;0.656453699;326.7683025;313.5383171;4.18;0.186259251;13.22998548;-10300.38605
14083200;2547.367566;0.000180731;0.241639089;0.656458336;321.101919;310.7959089;4.18;0.180731292;10.30601018;-7785.745466
14126400;2547.403718;0.000185197;0.2288785;0.656467982;324.9300335;312.3193193;4.18;0.185196788;12.61071417;-9762.238522
14169600;2547.390163;0.000186403;0.236178222;0.65642634;321.5701126;311.2740308;4.18;0.186402899;10.29608175;-8022.337451
14212800;2547.351109;0.000183092;0.235478403;0.656432522;321.4483361;311.0886521;4.18;0.183091582;10.359684;-7928.502502
14256000;2547.391241;0.000177592;0.23798401;0.656415224;320.686267;311.0367779;4.18;0.177592402;9.649489094;-7163.165464
14299200;2547.395354;0.00018201;0.234944887;0.656407192;322.0171853;311.6000933;4.18;0.182010419;10.41709194;-7925.360525
14342400;2547.341286;0.000184751;0.249452378;0.656373145;318.8478631;310.5203735;4.18;0.184751037;8.327489579;-6430.981579
14385600;2547.406921;0.000177779;0.240822818;0.656412627;321.1694288;311.2156243;4.18;0.177778939;9.953804531;-7396.831042
14428800;2547.370254;0.000178723;0.267196917;0.656370911;315.907961;309.2959828;4.18;0.178722935;6.611978264;-4939.556847
14472000;2547.377378;0.00017954;0.253019319;0.656424785;317.0618605;309.0504861;4.18;0.179539584;8.011374476;-6012.33995
14515200;2547.367099;0.000191293;0.266677771;0.656387772;313.409188;307.7057972;4.18;0.19129343;5.703390768;-4560.468535
14558400;2547.405187;0.000204979;0.250335074;0.656426053;318.0186307;309.42639;4.18;0.204979252;8.592240701;-7361.945892
14601600;2547.379086;0.000196313;0.262145512;0.656427336;317.2972337;309.245809;4.18;0.19631298;8.051424711;-6606.904575
14644800;2547.393154;0.000194346;0.249009794;0.656438011;319.2621162;309.8338382;4.18;0.19434647;9.428277984;-7659.233632
14688000;2547.394731;0.000191581;0.239933814;0.656474205;319.5223916;309.7467436;4.18;0.191580813;9.775647956;-7828.415124
14731200;2547.382701;0.000191512;0.242302229;0.656481199;322.3480502;310.9346713;4.18;0.191511671;11.41337884;-9136.624174
14774400;2547.385302;0.000186388;0.245744528;0.656452912;318.9398276;309.8142931;4.18;0.186388485;9.125534458;-7109.73918
14817600;2547.406347;0.000188982;0.233308736;0.656451875;321.6928126;310.8711783;4.18;0.188982229;10.82163434;-8548.503706
14860800;2547.368278;0.000183022;0.256868119;0.6564322;316.6119008;308.8145266;4.18;0.183021862;7.79737424;-5965.235991
14904000;2547.440041;0.000184319;0.240135462;0.656467832;320.4942116;310.2638383;4.18;0.184318811;10.23037325;-7882.017966
14947200;2547.35759;0.000176961;0.248025052;0.656409066;317.5485402;309.635005;4.18;0.176960958;7.913535228;-5853.616708
14990400;2547.382948;0.000180411;0.238757782;0.656415249;321.7139641;311.1343893;4.18;0.180410821;10.57957487;-7978.239713
15033600;2547.361715;0.000179945;0.229882768;0.656381091;320.6285984;311.3060878;4.18;0.179945376;9.32251058;-7012.128372
15076800;2547.409189;0.000180989;0.24398517;0.656420132;320.3684655;310.5960121;4.18;0.18098902;9.772453363;-7393.194263
15120000;2547.408039;0.000184694;0.335706613;0.656443216;314.0041248;307.0341787;4.18;0.184693985;6.969946181;-5380.943823
15163200;2547.416234;0.000178817;0.227568537;0.656467428;319.8288043;309.8284304;4.18;0.178816924;10.00037387;-7474.826869
15206400;2547.383275;0.00017612;0.254090699;0.656446773;318.2108218;309.7263436;4.18;0.176119991;8.484478173;-6246.116406
15249600;2547.39162;0.000178357;0.253348111;0.656466276;318.150332;309.3709708;4.18;0.17835742;8.779361204;-6545.312421
15292800;2547.36657;0.000177878;0.265298774;0.656457909;316.6890091;308.6934639;4.18;0.177878391;7.995545244;-5944.941142
15336000;2547.420058;0.000177101;0.22993788;0.656465714;322.8045681;311.526931;4.18;0.17710064;11.27763711;-8348.616798
15379200;2547.339004;0.000178585;0.231322174;0.656416326;323.6138174;312.346722;4.18;0.178584604;11.26709542;-8410.702433
15422400;2547.43195;0.000178014;0.231065659;0.656439618;322.4791286;311.6398963;4.18;0.178014064;10.8392323;-8065.459629
15465600;2547.389373;0.000178734;0.290771645;0.656570779;315.4881279;306.8499377;4.18;0.178733686;8.638190169;-6453.650688
15508800;2547.376869;0.000177602;0.285786731;0.656492899;317.7288413;308.9534884;4.18;0.17760244;8.775352922;-6514.630689
15552000;2547.381407;0.00018321;0.351067606;0.656450288;310.7110708;305.863094;4.18;0.18320998;4.847976795;-3712.666517
15595200;2547.30031;0.000178535;0.329751296;0.656490341;314.3448917;306.5066565;4.18;0.178534575;7.838235197;-5849.475236
15638400;;;;;;;4.18;0;0;0
15681600;2547.475;0.000171558;0.238697668;0.656503223;321.1816304;310.3843476;4.18;0.171557976;10.79728288;-7742.864782
15724800;2547.406794;0.0001799;0.244921531;0.656546424;320.002154;309.4987987;4.18;0.179899661;10.5033553;-7898.319253
15768000;2547.368257;0.000181028;0.23425519;0.656498089;322.1992947;310.7896682;4.18;0.181028125;11.40962647;-8633.636543
15811200;2547.385302;0.000176251;0.242348865;0.656452389;321.9140648;310.9940524;4.18;0.176250782;10.9200124;-8045.081812
15854400;2547.362196;0.000181585;0.251281649;0.65646374;324.1023759;312.0449523;4.18;0.181585125;12.05742358;-9151.895824
15897600;2547.434857;0.000173745;0.250527848;0.656428182;318.2360957;309.4575182;4.18;0.173744605;8.778577445;-6375.463373
15940800;2547.347371;0.000181036;0.260886339;0.65646936;321.0430847;310.6867484;4.18;0.181035688;10.35633628;-7836.941835
15984000;2547.379809;0.000182123;0.242314443;0.65658064;315.1139956;306.4759088;4.18;0.182123038;8.638086854;-6575.953515
16027200;2547.359958;0.000175507;0.244311039;0.656488309;316.7599791;308.037023;4.18;0.175506642;8.722956107;-6399.315557
16070400;2547.363694;0.000182297;0.181360265;0.656499919;310.898759;305.1713926;4.18;0.18229678;5.727366495;-4364.256373
16113600;2547.387917;0.000177714;0.254647683;0.656489552;315.8868958;307.4009166;4.18;0.177714123;8.485979189;-6303.767502
16156800;2547.375495;0.000172472;0.249374485;0.656443426;317.9774641;309.4439362;4.18;0.172472279;8.533527831;-6152.111425
16200000;2547.378125;0.000173403;0.280374338;0.656445883;319.6105669;310.1615624;4.18;0.173402782;9.449004427;-6848.861677
16243200;2547.424255;0.000177745;0.201611989;0.656425601;312.4335591;307.3178891;4.18;0.177745366;5.115670034;-3800.818172
16286400;2547.392708;0.000180405;0.218227776;0.656494598;314.3919167;307.3907499;4.18;0.180405094;7.00116675;-5279.532897
16329600;2547.367577;0.000182642;0.191858399;0.656480921;311.849229;306.639998;4.18;0.182642218;5.209231004;-3976.958611
16372800;2547.352315;0.000175323;0.256851927;0.656501411;317.1601168;308.8617023;4.18;0.175323324;8.298414522;-6081.505495
16416000;2547.374396;0.000176745;0.245327045;0.656527156;316.4823522;308.4669436;4.18;0.176745384;8.015408696;-5921.749523
16459200;2547.361076;0.000180737;0.284197256;0.656519177;321.3363808;310.7849728;4.18;0.180736539;10.55140804;-7971.364378
16502400;2547.399706;0.000184022;0.278449649;0.656476526;315.2469321;308.4462814;4.18;0.184021944;6.800650715;-5231.140268
16545600;2547.396494;0.000178092;0.244415626;0.656556617;317.1773372;308.1717863;4.18;0.178091961;9.005550894;-6703.951807
16588800;2547.36592;0.000188577;0.152950221;0.656511816;305.9428197;303.7338601;4.18;0.188577209;2.208959593;-1741.218438
16632000;2547.402513;0.000192292;0.164064646;0.656584104;305.3923037;301.8443035;4.18;0.192292028;3.548000192;-2851.813993
16675200;2547.401334;0.000193866;0.24977266;0.656547255;307.8597937;303.4908835;4.18;0.193865618;4.368910145;-3540.382531
16718400;2547.405;0.000191302;0.246471764;0.656528827;313.5143542;306.8100209;4.18;0.191302082;6.704333321;-5361.071212
16761600;2547.390625;0.000187801;0.171357466;0.656501576;308.7686251;304.9154581;4.18;0.187800925;3.853166928;-3024.766349
16804800;2547.367083;0.000182326;0.203274158;0.656517542;311.8271667;306.1603959;4.18;0.18232639;5.666770792;-4318.783779
16848000;2547.402917;0.000183079;0.167152882;0.656469963;307.7078662;304.4313333;4.18;0.183078704;3.27653292;-2507.429021
16891200;2547.360909;0.000189061;0.191622306;0.656516299;310.5904421;305.447478;4.18;0.189061377;5.142964045;-4064.363915
16934400;2547.400083;0.000187134;0.169812167;0.656478274;307.9451031;304.3846531;4.18;0.187133893;3.560449981;-2785.054018
16977600;2547.405;0.000186036;0.189559999;0.656493764;309.9914792;304.9984791;4.18;0.186035879;4.993000029;-3882.70649
17020800;2547.385417;0.000183524;0.193733859;0.656533381;310.3682916;304.9284582;4.18;0.183524306;5.439833398;-4173.068097
17064000;2547.398;0.000176084;0.235210167;0.656513452;314.984779;307.56244;4.18;0.176084141;7.422338999;-5463.076866
17107200;2547.415833;0.000179965;0.226988099;0.656507214;314.1128542;307.2080001;4.18;0.17996528;6.904854083;-5194.210103
17150400;2547.400208;0.000179109;0.231760772;0.656531156;315.943875;307.9894999;4.18;0.179108798;7.954375101;-5955.24001
17193600;2547.323192;0.000177965;0.207793737;0.656508038;313.8273494;307.2968223;4.18;0.177965319;6.530527133;-4858.026711
17236800;2547.395082;0.000182845;0.234054148;0.656539179;314.9042328;307.5551477;4.18;0.182844806;7.34908508;-5616.841724
17280000;2547.367993;0.000182382;0.196401091;0.656501092;311.4442477;306.5428318;4.18;0.182381747;4.901415882;-3736.622352
17323200;2547.425625;0.000172517;0.19968928;0.656532722;312.6106667;306.5637918;4.18;0.172517366;6.046874904;-4360.538082
17366400;2547.405833;0.000187477;0.159990773;0.656479188;308.0213959;304.9868545;4.18;0.187476851;3.034541392;-2378.028186
17409600;2547.416667;0.000175064;0.213662356;0.656497872;314.5454584;307.5627294;4.18;0.175063661;6.982729035;-5109.724415
17452800;2547.405417;0.000176233;0.177767136;0.656385832;310.2554584;306.4833542;4.18;0.176232642;3.772104166;-2778.729752
17496000;2547.337154;0.000181461;0.20709174;0.6564748;312.3716295;306.5020108;4.18;0.181461417;5.8696187;-4452.156982
17539200;2547.356458;0.000177188;0.199527885;0.656509102;312.1026251;306.5142914;4.18;0.177187503;5.588333659;-4138.964464
17582400;2547.401667;0.00018316;0.269858417;0.656504842;318.3382708;309.3485;4.18;0.183159723;8.989770791;-6882.637221
17625600;2547.368333;0.000181661;0.257544506;0.656570201;316.3572083;308.1048749;4.18;0.181660882;8.252333415;-6266.347365
17668800;2547.441667;0.000182234;0.270593354;0.656520864;319.1879375;309.6889168;4.18;0.182233797;9.499020719;-7235.758138
17712000;2547.375625;0.000179606;0.229348146;0.656521269;314.9628542;307.9148332;4.18;0.179606483;7.048021027;-5291.337738
17755200;2547.369452;0.000181843;0.274060578;0.656525173;319.6396437;310.0239319;4.18;0.181843441;9.615711726;-7308.956163
17798400;2547.328827;0.000181243;0.202697921;0.656460801;314.8205283;308.7527247;4.18;0.181243069;6.067803608;-4596.943903
17841600;2547.364396;0.000186319;0.258715831;0.65651124;317.9514835;309.4830549;4.18;0.186318893;8.468428651;-6595.32208
17884800;2547.379792;0.000187627;0.187318084;0.656481167;310.7786875;306.462625;4.18;0.187627314;4.316062498;-3385.010872
17928000;2547.349167;0.000176985;0.205507139;0.656517819;313.3759375;307.0250833;4.18;0.176984957;6.35085423;-4698.343661
17971200;2547.406198;0.000186385;0.166726974;0.656456472;309.4699043;305.8867098;4.18;0.18638496;3.583194506;-2791.627897
18014400;2547.376667;0.000180104;0.206359388;0.656472203;313.0754793;307.0881042;4.18;0.180104168;5.987375018;-4507.508012
18057600;2547.38633;0.000190728;0.145089522;0.656422945;307.0664202;305.0806731;4.18;0.190728391;1.985747076;-1583.126277
18100800;2547.400083;0.000190456;0.1828696;0.656545984;308.1032819;303.7134091;4.18;0.190456343;4.389872765;-3494.810696
18144000;2547.374818;0.000181246;0.173577841;0.656559954;309.7534756;304.5255462;4.18;0.181246388;5.227929398;-3960.731084
18187200;2547.395833;0.000184398;0.202062742;0.656514483;311.2851666;305.4613333;4.18;0.184398148;5.82383332;-4488.919059
18230400;2547.428214;0.00017679;0.214901455;0.656539048;312.865027;306.3321837;4.18;0.176790307;6.532843263;-4827.663257
18273600;2547.406836;0.000185089;0.271127629;0.656627482;318.5248854;308.269779;4.18;0.185088694;10.25510632;-7934.075724
18316800;2547.355417;0.00017864;0.221561696;0.656698168;315.3035625;306.1177081;4.18;0.178640049;9.185854417;-6859.218986
18360000;2547.37625;0.000185336;0.248461676;0.656664631;316.7410833;306.6680834;4.18;0.185335648;10.07299995;-7803.583373
18403200;2547.373125;0.00018776;0.231804443;0.656643046;311.3761042;304.4280625;4.18;0.187760416;6.948041682;-5453.090892
18446400;2547.393333;0.000187766;0.255493796;0.656592469;315.9952083;306.8362499;4.18;0.187766204;9.158958392;-7188.525095
18489600;2547.384792;0.000183634;0.209088869;0.656625586;313.36675;305.6735207;4.18;0.18363426;7.693229287;-5905.255154
18532800;2547.367708;0.000183524;0.216319651;0.65658;315.2106043;307.0294791;4.18;0.183524306;8.181125195;-6275.999659
18576000;2547.420208;0.000184483;0.161355604;0.656508393;307.8471869;304.6393727;4.18;0.184482879;3.207814139;-2473.668767
18619200;2547.404668;0.000184375;0.181458617;0.656567205;310.2489167;304.785875;4.18;0.184375;5.463041733;-4210.297982
18662400;2547.440833;0.000191562;0.141176955;0.656504548;304.2189583;302.7630208;4.18;0.191562498;1.455937467;-1165.814614
18705600;2547.410417;0.000180214;0.186075514;0.656577767;309.9503959;304.5158751;4.18;0.180214122;5.434520709;-4093.797443
18748800;2547.405;0.000176632;0.169789815;0.656586525;309.0281666;304.5140623;4.18;0.176631948;4.514104309;-3332.860447
18792000;2547.404792;0.000181458;0.233983971;0.656624644;314.4243018;306.5305334;4.18;0.181458335;7.893768381;-5987.39047
18835200;2547.398374;0.000181636;0.193527786;0.656676332;310.2621534;304.3324681;4.18;0.181635514;5.929685331;-4502.033237
18878400;2547.380704;0.000181797;0.216968054;0.656648866;312.0726506;304.943436;4.18;0.181797135;7.129214665;-5417.575944
18921600;2547.392708;0.000185503;0.147292922;0.656614741;304.0119712;301.3472291;4.18;0.185503472;2.66474216;-2066.253098
18964800;2547.365417;0.000188333;0.190454258;0.656671075;308.9761776;302.9733799;4.18;0.188333332;6.002797672;-4725.602395
19008000;2547.404836;0.000186094;0.178804087;0.656606227;309.3460176;304.4193912;4.18;0.186094318;4.92662636;-3832.295778
19051200;2547.389792;0.00018651;0.226589004;0.65660683;314.2238542;306.3755625;4.18;0.186510416;7.848291786;-6118.63454
19094400;2547.372917;0.000174109;0.20750651;0.656599209;313.1494792;306.4248749;4.18;0.1741088;6.724604377;-4893.997505
19137600;2547.388542;0.000175174;0.215084274;0.656573431;313.3523959;306.5708126;4.18;0.175173615;6.781583269;-4965.64962
19180800;2547.382371;0.000182966;0.15342022;0.656505844;306.5082622;304.0917796;4.18;0.18296636;2.416482599;-1848.1244
19224000;2547.391458;0.000175741;0.19187833;0.656549459;311.1012293;305.5116457;4.18;0.175740744;5.589583509;-4106.087423
19267200;2547.422588;0.000184529;0.143753274;0.656472797;304.9458741;303.487862;4.18;0.184529185;1.458012164;-1124.611426
19310400;2547.352708;0.000183131;0.176908553;0.656529084;308.9805209;304.3984791;4.18;0.183130788;4.582041847;-3507.49206
19353600;2547.37084;0.000188367;0.13781592;0.656538075;303.4186291;301.9579052;4.18;0.18836661;1.46072392;-1150.133743
19396800;2547.367917;0.000186256;0.171966928;0.656536489;308.0692709;303.7639792;4.18;0.186255787;4.305291665;-3351.881331
19440000;2547.385065;0.000186773;0.138455826;0.656552214;302.4482058;301.1515439;4.18;0.186772817;1.296661891;-1012.317393
19483200;2547.397332;0.000187982;0.172332532;0.656578863;306.0211723;302.2330448;4.18;0.187982071;3.788127449;-2976.578182
19526400;2547.397919;0.000182929;0.16259161;0.656519656;306.6331632;303.3424037;4.18;0.182928663;3.290759473;-2516.252285
19569600;2547.402708;0.00017533;0.169512187;0.656515579;308.4807293;304.3697291;4.18;0.175329865;4.111000172;-3012.865013
19612800;2547.3525;0.00019184;0.072257683;0.656462642;301.6287917;301.5746667;4.18;0.191840275;0.054124979;-43.40240649
19656000;2547.360567;0.000185903;0.145619473;0.656548467;304.709162;302.1567127;4.18;0.185903226;2.552449359;-1983.445826
19699200;2547.370833;0.000191342;0.014852035;0.656466647;300.5806651;301.0552302;4.18;0.191341944;-0.47456512;379.5616092
19742400;2547.38383;0.000185832;0.098831984;0.656529815;300.98184;300.5121171;4.18;0.185831539;0.469722845;-364.8693539
19785600;2547.390833;0.000192587;-0.004669889;0.656440174;300.561317;301.1468541;4.18;0.192586803;-0.585537058;471.3648481
19828800;2547.373203;0.000185704;0.074961042;0.656514044;300.4775891;300.390321;4.18;0.185704197;0.087268075;-67.74128023
19872000;2547.402292;0.000190966;-0.004700017;0.656385323;300.9105624;301.51025;4.18;0.190966433;-0.599687548;478.6944028
19915200;2547.384792;0.000189763;0.085417239;0.656510334;300.7722083;300.4901873;4.18;0.18976273;0.282021001;-223.7013737
19958400;2547.369475;0.000192116;-0.004326566;0.656463164;300.3700877;300.9705007;4.18;0.192115627;-0.600413003;482.1576522
20001600;2547.380764;0.000190086;0.097111614;0.656515419;301.5900334;300.8494991;4.18;0.190086235;0.74053427;-588.3992522
20044800;2547.419462;0.000192708;0.026027489;0.656529565;299.8127551;300.1787351;4.18;0.192707969;-0.365979908;294.8038826
20088000;2547.400625;0.000190127;0.142629097;0.656552153;303.6834583;301.7355417;4.18;0.190127313;1.947916523;-1548.071923
20131200;2547.377292;0.000189763;0.082167186;0.656533975;300.8387269;300.4059584;4.18;0.18976273;0.432768501;-343.2755285
20174400;2547.383542;0.000185463;0.15586548;0.656545496;306.0598333;302.7042083;4.18;0.185462963;3.355625028;-2601.398589
20217600;2547.368542;0.000190237;0.054917776;0.656536651;300.8608334;300.7170416;4.18;0.190237267;0.143791744;-114.3420117
20260800;2547.35424;0.000191301;0.147708453;0.656552787;304.3771723;301.895176;4.18;0.191301426;2.481996314;-1984.703439
20304000;2547.36875;0.000190486;0.036792033;0.656526197;300.1750208;300.3840833;4.18;0.190486109;-0.209062498;166.4622377
20347200;2547.351875;0.000191539;0.143763026;0.656514689;304.1932499;302.1191876;4.18;0.19153935;2.074062315;-1660.565805
20390400;2547.382072;0.000192931;0.0130156;0.656450161;300.432446;300.9328618;4.18;0.192930761;-0.500415823;403.5606304
20433600;2547.3875;0.000193194;0.103236629;0.656486158;301.5319583;300.7776874;4.18;0.193194442;0.75427082;-609.1134867
20476800;2547.409375;0.000194144;0.01138335;0.656436631;300.1288125;300.6623333;4.18;0.194143515;-0.53352086;432.9627919
20520000;2547.385705;0.000191973;0.091334038;0.656470704;300.8286622;300.4038861;4.18;0.191972862;0.424776144;-340.8601576
20563200;2547.406335;0.000194074;0.020064064;0.656411455;300.5192436;300.9959471;4.18;0.194073994;-0.476703544;386.7158797
20606400;2547.385417;0.000194086;0.070268622;0.656495186;300.1268333;300.1630833;4.18;0.194085645;-0.036249994;29.40882284
20649600;2547.407461;0.000192297;-0.004883547;0.656352871;301.123218;301.6926219;4.18;0.192296556;-0.569403922;457.6866475
20692800;2547.340469;0.000191507;0.102282913;0.656451731;302.0493293;300.9873743;4.18;0.19150689;1.061955069;-850.0937596
20736000;2547.376602;0.000193477;-0.004187156;0.656346022;300.4147911;300.9771587;4.18;0.193477249;-0.562367626;454.8063257
20779200;2547.40375;0.000192199;0.147979706;0.65642115;301.6798541;300.7860208;4.18;0.192199072;0.893833338;-718.0986604
20822400;2547.383413;0.000190069;0.163593726;0.656390257;302.2997394;301.2409356;4.18;0.190068531;1.058803821;-841.2052992
20865600;2547.3867;0.000188995;0.219131372;0.656291078;307.5817822;304.1562356;4.18;0.188995436;3.425546557;-2706.184934
20908800;2547.362913;0.000190282;0.068559481;0.656071706;301.6248431;301.647928;4.18;0.190281846;-0.023084944;18.36125914
20952000;2547.407992;0.00019233;0.151479872;0.656229252;303.1206415;301.7289064;4.18;0.192329709;1.391735075;-1118.868968
20995200;2547.390694;0.000193897;-0.001646125;0.655895962;301.1014358;301.6860094;4.18;0.193897153;-0.584573591;473.7911087
21038400;2547.387292;0.000192072;0.10435138;0.656110554;301.6148333;301.0766874;4.18;0.192071757;0.538145849;-432.0557455
21081600;2547.428512;0.00019441;-0.004397299;0.655820928;301.7457233;302.3359748;4.18;0.194409501;-0.59025152;479.657103
21124800;2547.413829;0.000193493;0.059190228;0.656137515;300.1715426;300.008596;4.18;0.193492828;0.162946578;-131.7911953
21168000;2547.338416;0.000191915;0.140627672;0.656198998;301.9833334;301.0005929;4.18;0.191914911;0.982740483;-788.3586703
21211200;2547.389228;0.00018694;0.218155119;0.656218441;307.1477489;303.5435619;4.18;0.186940411;3.604186982;-2816.351062
21254400;2547.38744;0.000189338;0.170494419;0.656310394;303.94399;301.7926126;4.18;0.189337552;2.151377381;-1702.66668
21297600;2547.36375;0.000184063;0.235667312;0.656234722;307.7524167;303.7301458;4.18;0.1840625;4.022270847;-3094.659779
21340800;2547.368476;0.000188442;0.161606596;0.656126799;304.759833;303.2167642;4.18;0.188442356;1.543068783;-1215.458378
21384000;2547.360642;0.000192997;0.178720077;0.656187443;302.9699916;301.5511467;4.18;0.192996778;1.418844874;-1144.619803
21427200;2547.354314;0.000191156;0.143621528;0.656132405;301.6744894;301.0389745;4.18;0.191156035;0.635514823;-507.7968242
21470400;2547.402083;0.000186892;0.233366785;0.656148931;307.9431459;304.0086249;4.18;0.186892361;3.934520945;-3073.687371
21513600;2547.378886;0.000187716;0.161870556;0.65609536;304.7514604;303.3258187;4.18;0.187715881;1.425641658;-1118.633124
21556800;2547.404553;0.000190784;0.208545296;0.656260101;306.3913534;303.2055139;4.18;0.19078367;3.185839534;-2540.629743
21600000;2547.39638;0.00019093;0.197574727;0.656155791;306.8515396;304.1749478;4.18;0.190930317;2.676591769;-2136.157707
21643200;2547.405;0.000183721;0.273659694;0.656162434;309.4158959;305.1304791;4.18;0.183721065;4.285416747;-3291.00316
21686400;2547.386269;0.000190236;0.169608278;0.656105803;306.4577837;304.3032762;4.18;0.19023604;2.154507462;-1713.235563
21729600;2547.355681;0.000180602;0.269500929;0.656274028;309.5982665;304.8251459;4.18;0.18060197;4.77312056;-3603.306191
21772800;2547.418609;0.000186667;0.179610313;0.656245346;306.6022481;304.0466901;4.18;0.18666736;2.555558008;-1994.024135
21816000;2547.419792;0.000184485;0.265061894;0.65635053;308.7516458;304.206979;4.18;0.184484954;4.544666727;-3504.606601
21859200;2547.388483;0.000187536;0.178972097;0.656371654;305.1712811;302.6450969;4.18;0.187536221;2.526184153;-1980.279304
21902400;2547.373016;0.000182859;0.240476413;0.656307546;307.9180243;303.7002297;4.18;0.182858768;4.217794565;-3223.869802
21945600;2547.406882;0.000178983;0.223687126;0.656303758;309.306955;304.5796142;4.18;0.178982739;4.727340703;-3536.749776
21988800;2547.362555;0.000181098;0.250059085;0.656272016;311.6985284;306.0354937;4.18;0.181097661;5.663034668;-4286.85056
22032000;2547.397455;0.000186725;0.166386989;0.656173373;304.9537346;303.261642;4.18;0.186724853;1.692092549;-1320.694961
22075200;2547.353653;0.000188992;0.196516407;0.656275897;307.1168268;303.6958549;4.18;0.188992133;3.420971833;-2702.523678
22118400;2547.37916;0.000191266;0.009768575;0.656150904;301.0408636;301.5767111;4.18;0.191266207;-0.535847456;428.4061536
22161600;2547.414965;0.00019456;0.056446113;0.656280264;299.8941017;300.0312214;4.18;0.19456023;-0.137119659;111.5141755
22204800;2547.381746;0.000190763;-0.004452095;0.656104149;301.2093665;301.8426654;4.18;0.19076312;-0.633298801;504.9860306
22248000;2547.377708;0.000193999;-0.004306485;0.65621642;299.6091667;300.2253542;4.18;0.193998839;-0.616187512;499.6757879
22291200;2547.373542;0.000194427;-0.004251132;0.656103044;300.8135626;301.4506249;4.18;0.19442708;-0.637062292;517.7438341
22334400;2547.403542;0.000191244;0.141696684;0.656178479;302.38575;301.5083125;4.18;0.191244211;0.877437565;-701.424292
22377600;2547.365701;0.000192413;0.033852286;0.656206931;300.4109339;300.8423524;4.18;0.192412769;-0.431418569;346.9836448
22420800;2547.363184;0.000194383;0.133004613;0.656287579;301.2799696;300.4443878;4.18;0.19438302;0.835581856;-678.9278245
22464000;2547.368051;0.000192371;-0.00447875;0.655974309;301.968085;302.6000794;4.18;0.192370721;-0.631994389;508.1927634
22507200;2547.387917;0.0001932;0.100990477;0.656182588;302.2086667;301.2685833;4.18;0.193200229;0.940083425;-759.1897107
22550400;2547.382371;0.000192233;0.153114038;0.6562301;302.8890497;301.9785268;4.18;0.192233333;0.910522881;-731.6373063
22593600;2547.344375;0.000193553;0.250610249;0.656350185;307.4639999;303.3694375;4.18;0.193553239;4.094562401;-3312.716105
22636800;2547.379913;0.000186069;0.169711491;0.656301951;305.4103868;302.9865982;4.18;0.186068944;2.423788585;-1885.145656
22680000;2547.386875;0.000191331;0.181966109;0.656322063;306.6524167;303.378875;4.18;0.191331016;3.273541738;-2618.059683
22723200;2547.36375;0.00019077;0.042788014;0.656276247;301.209625;301.3587709;4.18;0.190769674;-0.149145877;118.9314931
22766400;2547.3825;0.000194826;0.040893034;0.656389448;298.4618125;298.9387917;4.18;0.194826386;-0.476979165;388.43957
22809600;2547.414933;0.00019504;0.05355785;0.656305285;299.8326124;300.068594;4.18;0.195039514;-0.235981565;192.3875508
22852800;2547.393958;0.000192494;0.191864426;0.656296369;305.3847499;302.8231043;4.18;0.19249421;2.56164568;-2061.166203
22896000;2547.387708;0.000193524;0.13347959;0.656228746;302.4994167;302.1353126;4.18;0.193524303;0.364104158;-294.5353539
22939200;2547.372708;0.000190122;0.194193211;0.656265597;306.4161875;303.3225624;4.18;0.190121526;3.093625083;-2458.528537
22982400;2547.377979;0.00018998;0.134967481;0.656250103;304.3649398;302.4372787;4.18;0.189979843;1.927661166;-1530.786082
23025600;2547.382507;0.000186539;0.171421916;0.656318125;309.1588076;304.4556288;4.18;0.186539489;4.703178762;-3667.233401
23068800;2547.417708;0.000191088;0.072697923;0.656328659;301.8393334;301.0410208;4.18;0.191087961;0.798312571;-637.6503116
23112000;2547.403958;0.00019228;0.155457094;0.656355251;305.5541459;302.1235832;4.18;0.19228009;3.430562673;-2757.248801
23155200;2547.378952;0.000190342;0.135880162;0.656318805;303.3736689;301.4633942;4.18;0.190342483;1.910274653;-1519.874838
23198400;2547.388542;0.000191916;0.163771958;0.656363285;307.4386665;303.1122085;4.18;0.191915507;4.326458027;-3470.71413
23241600;2547.395;0.000191539;0.146392099;0.656373116;304.2956666;301.7259166;4.18;0.19153935;2.569750025;-2057.430478
23284800;2547.39925;0.000190277;0.178494587;0.656330877;309.039477;303.9100333;4.18;0.190276908;5.129443653;-4079.741348
23328000;2547.368552;0.000187269;0.159828274;0.656312704;307.3233153;303.4937189;4.18;0.187268903;3.829596448;-2997.74688
23371200;2547.375208;0.000186053;0.188823513;0.656336066;311.2574166;305.3925417;4.18;0.18605324;5.864874918;-4561.12815
23414400;2547.391042;0.000191285;0.138978122;0.656253525;305.0716459;303.1852292;4.18;0.19128472;1.886416661;-1508.322414
23457600;2547.382292;0.000191701;0.15440063;0.656361401;305.3158263;302.1918421;4.18;0.191701387;3.123984207;-2503.285395
23500800;2547.405625;0.000190556;0.146043598;0.656311533;306.1404582;303.2448125;4.18;0.190555554;2.895645704;-2306.446128
23544000;2547.353958;0.000191632;0.158475608;0.656312483;306.0051041;302.5774793;4.18;0.191631942;3.427624795;-2745.601217
23587200;2547.372161;0.000189808;0.158531341;0.656259489;305.9220566;302.5827151;4.18;0.18980806;3.339341514;-2649.425849
23630400;2547.392708;0.000187951;0.184858425;0.656287022;310.9245987;305.109625;4.18;0.187951388;5.814973696;-4568.457335
23673600;2547.405833;0.00018897;0.163312741;0.656217135;309.4787499;304.9135207;4.18;0.188969906;4.565229259;-3606.048147
23716800;2547.383333;0.000185677;0.197665434;0.65631375;311.6013331;305.5231042;4.18;0.185677083;6.078228973;-4717.497115
23760000;2547.340208;0.000188414;0.15011817;0.656222634;307.2038334;304.1661458;4.18;0.188414351;3.037687548;-2392.397614
23803200;2547.412586;0.000191753;0.160640322;0.656312841;307.63035;303.3572307;4.18;0.191752909;4.273119339;-3425.021209
23846400;2547.370424;0.000188904;0.163975474;0.656218321;308.3715474;304.2994385;4.18;0.188903909;4.07210885;-3215.411826
23889600;2547.388542;0.000192124;0.164792119;0.65621518;308.1835627;303.9381666;4.18;0.19212384;4.245396006;-3409.382655
23932800;2547.428333;0.000194115;0.138012799;0.656159986;304.0437083;301.9970625;4.18;0.19411458;2.046645782;-1660.646228
23976000;2547.373125;0.00019294;0.14961262;0.656189351;304.9268957;301.876479;4.18;0.192939812;3.050416661;-2460.125696
24019200;2547.367304;0.000194017;0.145147844;0.656168056;304.6165487;301.9396215;4.18;0.194016913;2.676927229;-2170.963079
24062400;2547.387708;0.000188582;0.174311953;0.656173361;307.6341876;303.2367916;4.18;0.188582175;4.397395963;-3466.350664
24105600;2547.405501;0.000190989;0.160233299;0.656196937;306.8572098;303.1751719;4.18;0.190988861;3.682037857;-2939.493951
24148800;2547.388958;0.00019184;0.173806545;0.656246203;308.6918927;303.6812148;4.18;0.191839733;5.010677901;-4018.012917
24192000;2547.398087;0.000186818;0.156495805;0.65624727;307.9412432;303.2827163;4.18;0.186818265;4.6585269;-3637.845281
24235200;2547.393958;0.000189763;0.171055153;0.656210809;308.9230626;303.8398335;4.18;0.18976273;5.083229126;-4032.05908
24278400;2547.405625;0.000190747;0.160894671;0.656245744;308.13;303.441125;4.18;0.190746526;4.688874991;-3738.536048
24321600;2547.432184;0.000190108;0.18203192;0.656232299;309.9885372;304.5644827;4.18;0.190107975;5.424054477;-4310.232124
24364800;2547.382151;0.000193375;0.148214152;0.656110038;305.5924798;302.8836177;4.18;0.193375399;2.708862053;-2189.598028
24408000;2547.353333;0.000187176;0.173989892;0.656190337;308.2963126;303.5231876;4.18;0.187175925;4.773124991;-3734.470881
24451200;2547.413125;0.00019;0.167878813;0.656158444;308.5520001;304.0069585;4.18;0.189999998;4.545041596;-3609.672003
24494400;2547.410417;0.000186389;0.204058352;0.656249049;311.6011982;304.9560209;4.18;0.186388888;6.645177361;-5177.294587
24537600;2547.38375;0.000186505;0.165753191;0.656269638;307.9167708;303.4986667;4.18;0.186504629;4.418104177;-3444.306963
24580800;2547.426458;0.000185208;0.181392632;0.656257491;310.2026876;304.6180625;4.18;0.185208333;5.584625063;-4323.453839
24624000;2547.377995;0.000187724;0.171184325;0.656212867;308.6053563;304.3214315;4.18;0.187724294;4.283924855;-3361.542485
24667200;2547.387708;0.000184826;0.194264285;0.656261952;311.6846667;305.5042916;4.18;0.184826389;6.180375118;-4774.799018
24710400;2547.417013;0.000187338;0.209687762;0.656244423;313.4644967;306.6940725;4.18;0.187338232;6.770424172;-5301.741845
24753600;2547.357292;0.000187315;0.209825045;0.656260654;315.2129169;307.7183959;4.18;0.187314814;7.494520975;-5868.029476
24796800;2547.39875;0.000186071;0.167241836;0.656223548;310.225375;305.5968335;4.18;0.186070602;4.628541502;-3599.964396
24840000;2547.398791;0.000186662;0.200594382;0.656337019;311.72304;305.537513;4.18;0.186661802;6.185527048;-4826.234793
24883200;2547.385625;0.000187922;0.168841514;0.656314073;309.8021667;304.8481874;4.18;0.187922453;4.953979274;-3891.429252
24926400;2547.379037;0.000187921;0.182034964;0.656298008;310.9941341;305.4219939;4.18;0.187921094;5.57214016;-4376.972774
24969600;2547.390417;0.000191238;0.152766596;0.656290298;305.7128541;303.0379793;4.18;0.191238424;2.674874818;-2138.232368
25012800;2547.394863;0.000187849;0.185941999;0.656357152;310.3470767;304.863719;4.18;0.187849469;5.483357647;-4305.591535
25056000;2547.410833;0.000190174;0.117332087;0.65629447;303.4745417;302.3690209;4.18;0.190173609;1.105520804;-878.8068846
25099200;2547.412083;0.00019364;0.147563491;0.656375429;304.7095416;302.1391458;4.18;0.193640043;2.570395807;-2080.517901
25142400;2547.388333;0.000192402;-0.004347494;0.656227458;301.1880416;301.3642083;4.18;0.192401618;-0.176166714;141.6801004
25185600;2547.395082;0.000194572;0.094230287;0.656276114;301.5076698;300.3613797;4.18;0.194571783;1.146290176;-932.2893215
25228800;2547.399334;0.000194583;0.132424785;0.656168145;302.6813852;301.5564685;4.18;0.194583099;1.12491669;-914.9592624
25272000;2547.375;0.000193681;0.156359301;0.656232155;306.1767708;302.933979;4.18;0.193680553;3.24279175;-2625.314617
25315200;2547.369375;0.000194902;0.086207299;0.656121449;302.3668749;301.7408959;4.18;0.194901617;0.625979011;-509.9780639
25358400;2547.412292;0.000193027;0.157137677;0.656308632;306.336875;302.6432293;4.18;0.193026618;3.693645719;-2980.222708
25401600;2547.388542;0.000192969;0.033388409;0.656151432;301.4186393;301.2048958;4.18;0.192968747;0.213743496;-172.4075054
25444800;2547.407708;0.000195544;0.099999928;0.656195296;300.884;299.9870417;4.18;0.195543978;0.896958306;-733.1502458
25488000;2547.372786;0.000194057;0.024994605;0.656072838;300.4643781;300.5466659;4.18;0.194056629;-0.082287839;66.74833242
25531200;2547.402969;0.000194357;0.148151334;0.656219029;303.9424702;301.0695357;4.18;0.194357309;2.872934527;-2334.010942
25574400;2547.382708;0.000194988;0.137504443;0.656158456;303.7118125;301.7598333;4.18;0.194988423;1.951979226;-1590.96381
25617600;2547.452917;0.000195428;0.152355985;0.65619462;305.3702084;302.0293333;4.18;0.195428238;3.340875044;-2729.127529
25660800;2547.379375;0.000193738;0.155878594;0.656136335;306.0297916;302.9081874;4.18;0.193738423;3.121604131;-2527.958085
25704000;2547.40625;0.000193339;0.167269772;0.65617898;306.7229376;302.7044792;4.18;0.193339118;4.018458383;-3247.547326
25747200;2547.384872;0.000193906;0.039647056;0.65589413;301.4755887;301.1554594;4.18;0.193906135;0.320129291;-259.4736398
25790400;2547.394167;0.000196707;-0.004884207;0.656000158;298.3201249;298.5048544;4.18;0.196707173;-0.184729464;151.8912129
25833600;2547.384583;0.000196551;0.000263313;0.655918579;299.1086042;299.2729583;4.18;0.196550923;-0.164354114;135.0305229
25876800;2547.375833;0.000193733;0.139887671;0.65589968;302.8327292;300.9055208;4.18;0.193732636;1.927208325;-1560.657962
25920000;2547.390417;0.000196354;0.004782098;0.655438115;300.6719167;300.8103334;4.18;0.196354164;-0.138416668;113.6069203
25963200;2547.377292;0.00019603;0.115893885;0.655612076;301.8427708;300.5291458;4.18;0.19603009;1.313625067;-1076.391966
26006400;2547.411875;0.000195093;0.007689355;0.655453027;300.6557928;300.7715672;4.18;0.19509259;-0.115774315;94.41245181
26049600;2547.346603;0.00019881;0.246450007;0.655664757;303.3513755;301.2301001;4.18;0.198809686;2.121275476;-1762.831867
26092800;2547.350458;0.000219986;0.966213665;0.655794903;291.6597753;295.2867096;4.18;0.219986368;-3.626934348;3335.122155
26136000;2546.567292;0.000244994;0.966274856;0.65596662;294.2563959;295.120375;4.18;0.244994209;-0.863979057;884.7800376
26179200;2547.289583;0.000221875;0.966156251;0.655794522;292.0014583;295.39225;4.18;0.221875001;-3.390791681;3144.74738
26222400;2547.318125;0.000212552;0.608661128;0.655866379;296.1881203;296.4609607;4.18;0.212552083;-0.27284043;242.4099115
26265600;2547.428125;0.00019963;0.131291017;0.655742083;300.8809166;299.6173959;4.18;0.199629628;1.263520671;-1054.347153
26308800;2547.394583;0.000195255;0.157484415;0.655729047;305.535747;302.1331423;4.18;0.195254627;3.402604694;-2777.084611
26352000;2547.404668;0.00019735;0.14056757;0.655610352;303.8214166;301.7922499;4.18;0.19735014;2.0291667;-1673.907468
26395200;2547.378333;0.000194201;0.169955335;0.655663837;307.6180209;303.3310208;4.18;0.194201386;4.287000087;-3480.022873
26438400;2547.388542;0.000193877;0.146435262;0.655516303;305.4249375;303.1249582;4.18;0.193877312;2.299979243;-1863.919653
26481600;2547.318333;0.000191562;0.170260349;0.655689212;308.2604792;303.8387501;4.18;0.191562498;4.421729111;-3540.616636
26524800;2547.365833;0.000192309;0.157922945;0.655670846;307.6998541;304.2021457;4.18;0.192309025;3.497708387;-2811.638922
26568000;2547.410625;0.000188791;0.201110515;0.655821114;311.9317632;305.7075449;4.18;0.188790508;6.224218314;-4911.80655
26611200;2547.348658;0.000192763;0.184942369;0.655904678;309.3868081;304.0721551;4.18;0.192762866;5.314652948;-4282.275134
26654400;2547.384792;0.000192425;0.22050048;0.65598416;311.8126668;304.8792498;4.18;0.192424766;6.933416934;-5576.793527
26697600;2547.386875;0.000192251;0.164332513;0.655965063;308.7114373;303.7334791;4.18;0.192251155;4.9779582;-4000.33613
26740800;2547.389665;0.000188812;0.201190793;0.655941395;310.9793603;304.8546053;4.18;0.188812483;6.124755002;-4833.87823
26784000;2547.403958;0.000190729;0.186829056;0.655834743;311.1426458;305.4263333;4.18;0.190729165;5.716312499;-4557.318184
26827200;2547.410208;0.000185428;0.223587936;0.655951449;313.6670208;306.3967083;4.18;0.185428241;7.270312462;-5635.14682
26870400;2547.388623;0.000191377;0.175250335;0.656013952;308.8661702;303.9603564;4.18;0.191376673;4.905813787;-3924.427792
26913600;2547.366951;0.000199133;0.203089261;0.656008126;310.6356012;304.8527713;4.18;0.199132921;5.782829915;-4813.486572
26956800;2547.37812;0.000219813;0.168408291;0.655924541;307.6766279;303.8301372;4.18;0.219813046;3.846490665;-3534.226904
27000000;2547.378958;0.000220098;0.176034912;0.655901182;307.9841042;303.9490624;4.18;0.220098382;4.035041778;-3712.283784
27043200;2547.394874;0.000222263;0.088661784;0.655763276;301.6898916;301.081965;4.18;0.222262743;0.607926662;-564.7992908
27086400;2547.375625;0.000221348;0.167677457;0.655835538;306.74775;303.0783958;4.18;0.221348383;3.669354252;-3395.01953
27129600;2547.357917;0.00022217;0.13847165;0.655764982;303.9340417;302.3633541;4.18;0.222170142;1.570687591;-1458.652321
27172800;2547.425922;0.000221626;0.178556971;0.65588421;308.539081;304.2322464;4.18;0.221626036;4.306834648;-3989.837973
27216000;2547.402375;0.000222222;0.060869383;0.655888228;301.4476037;300.9470411;4.18;0.222222225;0.500562645;-464.9670857
27259200;2547.385;0.000222656;0.133731832;0.65599218;303.148875;301.1894375;4.18;0.222656253;1.95943749;-1823.65462
27302400;2547.339434;0.000222864;-0.004722934;0.655591029;301.915495;302.0620008;4.18;0.222863517;-0.146505758;136.4802965
27345600;2547.400765;0.000222411;0.042302542;0.655841924;301.091309;300.2950702;4.18;0.22241111;0.796238797;-740.2460415
27388800;2547.396958;0.000221672;-0.005256986;0.655874954;300.457612;300.668178;4.18;0.221672342;-0.210565993;195.1084254
27432000;2547.352157;0.000223369;0.108521121;0.656001293;301.8152065;300.4531478;4.18;0.223368536;1.362058764;-1271.727681
27475200;2547.350333;0.000223246;-0.002873875;0.655817947;300.9310992;301.1572855;4.18;0.223245678;-0.226186236;211.069516
27518400;2547.374375;0.000223009;0.086072598;0.655933099;301.4661665;300.6570418;4.18;0.223009262;0.809124789;-754.2489072
27561600;2547.402708;0.000222622;-0.005167786;0.655687694;301.4213363;301.6659858;4.18;0.222621531;-0.244649449;227.6605018
27604800;2547.395417;0.0002236;0.066348596;0.655836474;301.1006255;300.627574;4.18;0.22359954;0.473051494;-442.1357227
27648000;2547.389224;0.000221442;-0.005186139;0.655594921;301.4110903;301.6527668;4.18;0.221442113;-0.241676461;223.7025063
27691200;2547.376458;0.000222407;0.053790357;0.655720445;300.5363542;300.3589999;4.18;0.222407411;0.177354264;-164.8796928
27734400;2547.376458;0.000223432;-0.005233272;0.655595077;301.3704791;301.6157084;4.18;0.223431716;-0.245229242;229.0305197
27777600;2547.333681;0.00022319;0.016955502;0.655768777;299.6098957;299.8029719;4.18;0.223189668;-0.193076227;180.1271471
27820800;2547.355491;0.000223872;-0.005165584;0.65567066;300.7481037;300.9888831;4.18;0.223871874;-0.240779327;225.3175459
27864000;2547.401042;0.000221337;0.106668193;0.655832168;302.2557292;300.905875;4.18;0.221336809;1.349854197;-1248.868716
27907200;2547.347853;0.000222379;0.117402506;0.655780557;300.9964233;300.3573781;4.18;0.22237854;0.639045147;-594.0194937
27950400;2547.376665;0.000221095;0.165269358;0.655772136;306.352833;303.0866385;4.18;0.221094909;3.266194517;-3018.540933
27993600;2547.357292;0.000219103;0.169839963;0.655749707;307.329375;303.9621044;4.18;0.219103012;3.367270584;-3083.916749
28036800;2547.388542;0.000219352;0.196855164;0.65583379;311.8588751;306.2606668;4.18;0.219351854;5.598208248;-5132.945368
28080000;2547.361817;0.000221059;0.162091298;0.655925042;307.4556275;304.0323885;4.18;0.221058546;3.423239006;-3163.157471
28123200;2547.355833;0.000215411;0.194051167;0.655968067;311.9328126;306.1388333;4.18;0.215410881;5.793979288;-5217.000253
28166400;2547.357292;0.000215874;0.142329194;0.655881362;304.3268125;302.7666874;4.18;0.215873844;1.560125054;-1407.783007
28209600;2547.405208;0.000221493;0.167780988;0.655990566;308.031;304.2056457;4.18;0.221493059;3.825354294;-3541.669788
28252800;2547.393958;0.000222338;0.048941079;0.655895532;300.8498542;300.7697709;4.18;0.222337966;0.080083297;-74.42722958
28296000;2547.401458;0.000222193;0.141717339;0.655911212;303.6367917;301.7474374;4.18;0.22219329;1.889354244;-1754.771675
28339200;2547.433562;0.000220091;0.02114171;0.655794554;300.1380848;300.3031088;4.18;0.220090805;-0.165023933;151.8186459
28382400;2547.363617;0.000222685;0.143578176;0.655870426;302.7902793;301.0989893;4.18;0.222685285;1.691289987;-1574.29414
28425600;2547.370625;0.000221123;0.135276125;0.65576899;302.4589393;301.4368957;4.18;0.221122688;1.022043588;-944.6675673
28468800;2547.353333;0.000214734;0.177338676;0.655840227;309.526375;304.9598331;4.18;0.214733798;4.566541888;-4098.869889
28512000;2547.37125;0.000215093;0.162491847;0.655809979;308.4986667;305.1870207;4.18;0.215092594;3.311645934;-2977.457953
28555200;2547.381875;0.000220295;0.16308396;0.655955065;307.8000625;304.15025;4.18;0.220295142;3.649812506;-3360.870326
28598400;2547.402792;0.000220845;0.142475346;0.656002088;303.9297041;302.066045;4.18;0.220844623;1.863659067;-1720.400573
28641600;2547.396667;0.000220897;0.152594964;0.6560768;303.9453324;301.310742;4.18;0.220896994;2.634590379;-2432.647533
28684800;2547.340819;0.000219796;0.177269648;0.656010173;306.4556354;302.8769494;4.18;0.219796218;3.578685917;-3287.911215
28728000;2547.386875;0.000219745;0.206152962;0.656022418;312.5829376;306.4134166;4.18;0.219745373;6.169520975;-5666.925017
28771200;2547.363958;0.000214311;0.191675178;0.656086116;311.4889167;305.8877917;4.18;0.214311344;5.601125013;-5017.607752
28814400;2547.4175;0.000214344;0.236756402;0.656078525;315.9628804;308.4282242;4.18;0.214344425;7.534656202;-6750.748286
28857600;2547.389478;0.000212414;0.183449028;0.655985162;312.6190164;307.2452797;4.18;0.212414224;5.373736697;-4771.294908
28900800;2547.413628;0.000215763;0.231938198;0.656105127;315.0317252;308.0570222;4.18;0.215762545;6.974703028;-6290.397042
28944000;2547.41125;0.000213542;0.160200307;0.656068808;308.9114711;305.3289168;4.18;0.213541668;3.582554242;-3197.802862
28987200;2547.364583;0.000218692;0.214407124;0.656158079;313.7541042;307.240979;4.18;0.218692132;6.513125145;-5953.863358
29030400;2547.375;0.000220075;0.148144933;0.656110188;306.1015417;303.8282916;4.18;0.220075234;2.273250085;-2091.195668
29073600;2547.402256;0.000213421;0.18655057;0.656181648;311.0494361;305.7800961;4.18;0.213421286;5.269340037;-4700.783385
29116800;2547.402708;0.000222569;0.135733268;0.656098545;303.5432902;302.1811875;4.18;0.222569447;1.362102706;-1267.219026
29160000;2547.347228;0.000219918;0.180171283;0.656151032;308.5016358;304.0569614;4.18;0.219918024;4.444674403;-4085.799568
29203200;2547.377606;0.000221927;0.132567215;0.656118071;302.555317;301.4247081;4.18;0.22192684;1.130608861;-1048.81405
29246400;2547.385994;0.000222778;0.139794124;0.656156552;302.9689871;300.7510628;4.18;0.222778012;2.217924206;-2065.357839
29289600;2547.393244;0.000220004;0.147667904;0.656109942;304.0629691;301.5772937;4.18;0.220003941;2.48567543;-2285.868075
29332800;2547.380952;0.000222425;0.152449229;0.656095642;305.0440268;302.1784461;4.18;0.222425279;2.865580717;-2664.238332
29376000;2547.362461;0.000220838;0.157785471;0.656034549;304.6767362;301.8273932;4.18;0.220837681;2.849342975;-2630.232794
29419200;2547.374245;0.000216341;0.205443128;0.656012919;312.0779642;306.137414;4.18;0.216341369;5.940550148;-5372.08063
29462400;2547.405005;0.000216029;0.17009318;0.655977182;309.0839939;305.1361105;4.18;0.216029431;3.947883407;-3564.950639
29505600;2547.372782;0.000209635;0.198352762;0.65604364;311.7136952;306.3638593;4.18;0.209634964;5.349835917;-4687.922919
29548800;2547.384776;0.000218984;0.131350263;0.65601198;302.5788008;301.707685;4.18;0.218983898;0.8711158;-797.3781933
29592000;2547.385417;0.00022147;0.147827076;0.656068528;303.4076666;301.3662082;4.18;0.22146991;2.041458387;-1889.868314
29635200;2547.380764;0.000223775;0.043258738;0.656028887;298.9162841;299.1164093;4.18;0.223775416;-0.200125197;187.1933551
29678400;2547.325047;0.000223754;0.146183423;0.656080094;301.2099331;299.5563923;4.18;0.223754152;1.653540818;-1546.544085
29721600;2547.357247;0.000222245;0.182165148;0.65603202;307.731877;303.5504171;4.18;0.222245398;4.181459845;-3884.516663
29764800;2547.365833;0.000219109;0.237839776;0.656039275;314.3716458;307.4589584;4.18;0.219108799;6.912687441;-6331.156084
29808000;2547.376042;0.000217643;0.189375938;0.656117565;311.6747758;306.0822493;4.18;0.21764277;5.592526518;-5087.782985
29851200;2547.390163;0.000218407;0.224044525;0.656128182;313.6721412;307.0025537;4.18;0.218406978;6.669587499;-6088.940988
29894400;2547.353272;0.000218268;0.204302408;0.656120159;312.2471643;306.2865358;4.18;0.218268031;5.96062855;-5438.24126
29937600;2547.397457;0.000214974;0.213490047;0.656101264;313.5538142;307.0626511;4.18;0.214973833;6.4911631;-5832.898294
29980800;2547.399205;0.000220015;0.175278594;0.656025621;309.3064408;305.3270389;4.18;0.220014873;3.97940196;-3659.705444
30024000;2547.351329;0.000220159;0.193981745;0.656071089;311.4559847;305.9529294;4.18;0.220158799;5.503055301;-5064.262481
30067200;2547.42535;0.000218307;0.15138967;0.656005792;306.5503759;303.8896743;4.18;0.218307002;2.660701649;-2427.952168
30110400;2547.363011;0.000219905;0.1718338;0.656093175;307.0466847;303.4461219;4.18;0.21990548;3.600562835;-3309.655017
30153600;2547.401875;0.000222054;0.149605705;0.656009675;304.6652658;302.7141918;4.18;0.222054401;1.951073973;-1810.962274
30196800;2547.388078;0.000221348;0.174156752;0.656104702;306.4776884;303.0517529;4.18;0.221347654;3.425935487;-3169.78923
30240000;2547.380644;0.000220834;0.160694075;0.656097664;305.5791596;302.6735787;4.18;0.220834498;2.905580976;-2682.107513
30283200;2547.413757;0.000221705;0.189041567;0.656139838;309.0626699;304.2438741;4.18;0.221705348;4.818795852;-4465.71476
30326400;2547.332916;0.00022308;0.149943616;0.6561498;303.4504595;301.4926185;4.18;0.223080316;1.95784102;-1825.639214
30369600;2547.400667;0.000221637;0.155030001;0.656136857;304.2787116;301.6157489;4.18;0.221637247;2.662962735;-2467.08503
30412800;2547.316503;0.000222356;0.136115052;0.656106319;301.8477258;300.7045379;4.18;0.222355522;1.143187849;-1062.531466
30456000;2547.352917;0.000221082;0.167874888;0.656128491;305.4415;302.1754791;4.18;0.221082179;3.26602084;-3018.206636
30499200;2547.394249;0.000219895;0.178613053;0.656030065;308.7590093;304.5423896;4.18;0.219895351;4.216619734;-3875.759025
30542400;2547.409006;0.000219946;0.170284609;0.656006146;307.338121;303.8396913;4.18;0.219946023;3.498429761;-3216.366673
30585600;2547.392909;0.000221602;0.143574016;0.656049774;302.2329822;300.787831;4.18;0.221602367;1.445151249;-1338.640557
30628800;2547.39625;0.000221811;0.183376314;0.656067106;307.8135209;303.4401875;4.18;0.221811346;4.373333444;-4054.829803
30672000;2547.38625;0.000219635;0.252193009;0.65604979;315.3948082;308.2457492;4.18;0.219635419;7.149059008;-6563.379876
30715200;2547.422083;0.000219513;0.331198898;0.656114641;321.1518162;311.3062994;4.18;0.219513327;9.845516763;-9033.908556
30758400;2547.367993;0.000220416;0.28859502;0.656105339;321.2481021;311.8284239;4.18;0.220416293;9.419678216;-8678.727327
30801600;2547.437917;0.000221881;0.309555477;0.656205119;324.9735417;313.3942917;4.18;0.22188079;11.57924995;-10739.31086
30844800;2547.294645;0.000220428;0.296797801;0.656371134;320.3808864;310.125594;4.18;0.220427869;10.25529239;-9449.108406
30888000;2547.25417;0.00022177;0.343669429;0.656251298;322.7949269;312.0758138;4.18;0.221770364;10.71911314;-9936.619194
30931200;2547.230417;0.000220451;0.33811052;0.656224011;319.8291744;310.9923213;4.18;0.22045139;8.836853117;-8143.043596
30974400;2547.066458;0.000224983;0.394406201;0.656268156;321.1901667;311.5920208;4.18;0.22498264;9.598145854;-9026.35967
31017600;2547.333472;0.000213463;0.239019915;0.65622874;314.6447236;308.29583;4.18;0.213462786;6.348893614;-5664.955539
31060800;2547.387083;0.000216644;0.213594652;0.656217492;311.4389979;306.0511679;4.18;0.21664352;5.387829971;-4879.056733
31104000;2547.412292;0.000217541;0.200545217;0.656176708;309.0483528;304.5858692;4.18;0.217540511;4.462483674;-4057.822699
31147200;2547.362292;0.000214844;0.221033641;0.656114384;311.105125;305.5259791;4.18;0.214843751;5.579145939;-5010.334603
31190400;2547.371875;0.000217511;0.208959239;0.656088534;312.2128232;306.1153608;4.18;0.217510595;6.097462443;-5543.778011
31233600;2547.376458;0.000220179;0.217604009;0.656091252;313.0462019;306.7081316;4.18;0.220178549;6.338070247;-5833.219732
31276800;2547.373752;0.000215006;0.201090669;0.656099698;311.7771233;306.186218;4.18;0.215006241;5.590905291;-5024.692442
31320000;2547.398208;0.000211954;0.232724878;0.656165459;314.3381226;307.278756;4.18;0.21195388;7.059366681;-6254.367467
31363200;2547.429048;0.000205668;0.246533361;0.656124288;315.4960688;308.3184943;4.18;0.205667847;7.177574437;-6170.50045
31406400;2547.39925;0.000211738;0.258940968;0.656133846;317.3206889;308.92609;4.18;0.21173753;8.394598894;-7429.747846
31449600;2547.380158;0.000210163;0.236675417;0.656143429;316.9875235;308.8036584;4.18;0.2101628;8.183865142;-7189.365966
31492800;2547.395;0.000209902;0.224075105;0.656132464;315.8606875;308.2404578;4.18;0.209901621;7.62022966;-6685.903964
31536000;2547.395;0.000209902;0.224075105;0.656132464;315.8606875;308.2404578;4.18;0.209901621;7.62022966;-6685.903964
